frame,time_s,global_min_signed_distance_m,contact_box_name,ee_target_to_actual_error_m,actual_gripper_z_m,target_gripper_z_m,target_vz_m_s,actual_contact_box_vz_m_s,normal_speed_into_table_m_s,left_box_44,left_box_45,left_box_46,left_box_47,right_box_50,right_box_51,right_box_52,right_box_53
0,0.0,0.06313623487949371,right_box_53,0.0,0.31863826513290405,0.31863826513290405,0.0,0.0,-0.0,0.0974506288766861,0.11422757804393768,0.07838968932628632,0.06406976282596588,0.09630285203456879,0.1133093386888504,0.07734869420528412,0.06313623487949371
1,0.033350000000000005,0.06313623487949371,right_box_53,0.0,0.31863826513290405,0.31863826513290405,0.0,0.0,-0.0,0.0974506288766861,0.11422757804393768,0.07838968932628632,0.06406976282596588,0.09630285203456879,0.1133093386888504,0.07734869420528412,0.06313623487949371
2,0.06670000000000001,0.06313623487949371,right_box_53,0.0,0.31863826513290405,0.31863826513290405,0.0,0.0,-0.0,0.0974506288766861,0.11422757804393768,0.07838968932628632,0.06406976282596588,0.09630285203456879,0.1133093386888504,0.07734869420528412,0.06313623487949371
3,0.10005000000000001,0.06313623487949371,right_box_53,0.0,0.31863826513290405,0.31863826513290405,0.0,0.0,-0.0,0.0974506288766861,0.11422757804393768,0.07838968932628632,0.06406976282596588,0.09630285203456879,0.1133093386888504,0.07734869420528412,0.06313623487949371
4,0.13340000000000002,0.06313623487949371,right_box_53,0.0,0.31863826513290405,0.31863826513290405,0.0,0.0,-0.0,0.0974506288766861,0.11422757804393768,0.07838968932628632,0.06406976282596588,0.09630285203456879,0.1133093386888504,0.07734869420528412,0.06313623487949371
5,0.16675,0.06313623487949371,right_box_53,0.0,0.31863826513290405,0.31863826513290405,0.0,0.0,-0.0,0.0974506288766861,0.11422757804393768,0.07838968932628632,0.06406976282596588,0.09630285203456879,0.1133093386888504,0.07734869420528412,0.06313623487949371
6,0.20010000000000003,0.06313623487949371,right_box_53,0.0,0.31863826513290405,0.31863826513290405,0.0,0.0,-0.0,0.0974506288766861,0.11422757804393768,0.07838968932628632,0.06406976282596588,0.09630285203456879,0.1133093386888504,0.07734869420528412,0.06313623487949371
7,0.23345000000000005,0.06313623487949371,right_box_53,0.0,0.31863826513290405,0.31863826513290405,0.0,0.0,-0.0,0.0974506288766861,0.11422757804393768,0.07838968932628632,0.06406976282596588,0.09630285203456879,0.1133093386888504,0.07734869420528412,0.06313623487949371
8,0.26680000000000004,0.06313623487949371,right_box_53,0.0,0.31863826513290405,0.31863826513290405,0.0,0.0,-0.0,0.0974506288766861,0.11422757804393768,0.07838968932628632,0.06406976282596588,0.09630285203456879,0.1133093386888504,0.07734869420528412,0.06313623487949371
9,0.30015000000000003,0.06313623487949371,right_box_53,0.0,0.31863826513290405,0.31863826513290405,0.0,0.0,-0.0,0.0974506288766861,0.11422757804393768,0.07838968932628632,0.06406976282596588,0.09630285203456879,0.1133093386888504,0.07734869420528412,0.06313623487949371
10,0.3335,0.06313623487949371,right_box_53,0.0,0.31863826513290405,0.31863826513290405,0.0,0.0,-0.0,0.0974506288766861,0.11422757804393768,0.07838968932628632,0.06406976282596588,0.09630285203456879,0.1133093386888504,0.07734869420528412,0.06313623487949371
11,0.36685000000000006,0.06313623487949371,right_box_53,0.0,0.31863826513290405,0.31863826513290405,0.0,0.0,-0.0,0.0974506288766861,0.11422757804393768,0.07838968932628632,0.06406976282596588,0.09630285203456879,0.1133093386888504,0.07734869420528412,0.06313623487949371
12,0.40020000000000006,0.06313623487949371,right_box_53,0.0,0.31863826513290405,0.31863826513290405,0.0,0.0,-0.0,0.0974506288766861,0.11422757804393768,0.07838968932628632,0.06406976282596588,0.09630285203456879,0.1133093386888504,0.07734869420528412,0.06313623487949371
13,0.43355000000000005,0.06313623487949371,right_box_53,0.0,0.31863826513290405,0.31863826513290405,0.0,0.0,-0.0,0.0974506288766861,0.11422757804393768,0.07838968932628632,0.06406976282596588,0.09630285203456879,0.1133093386888504,0.07734869420528412,0.06313623487949371
14,0.4669000000000001,0.06313623487949371,right_box_53,0.0,0.31863826513290405,0.31863826513290405,0.0,0.0,-0.0,0.0974506288766861,0.11422757804393768,0.07838968932628632,0.06406976282596588,0.09630285203456879,0.1133093386888504,0.07734869420528412,0.06313623487949371
15,0.5002500000000001,0.06313623487949371,right_box_53,0.0,0.31863826513290405,0.31863826513290405,0.0,0.0,-0.0,0.0974506288766861,0.11422757804393768,0.07838968932628632,0.06406976282596588,0.09630285203456879,0.1133093386888504,0.07734869420528412,0.06313623487949371
16,0.5336000000000001,0.06313623487949371,right_box_53,0.0,0.31863826513290405,0.31863826513290405,0.0,0.0,-0.0,0.0974506288766861,0.11422757804393768,0.07838968932628632,0.06406976282596588,0.09630285203456879,0.1133093386888504,0.07734869420528412,0.06313623487949371
17,0.5669500000000001,0.06313623487949371,right_box_53,0.0,0.31863826513290405,0.31863826513290405,0.0,0.0,-0.0,0.0974506288766861,0.11422757804393768,0.07838968932628632,0.06406976282596588,0.09630285203456879,0.1133093386888504,0.07734869420528412,0.06313623487949371
18,0.6003000000000001,0.06313623487949371,right_box_53,0.0,0.31863826513290405,0.31863826513290405,0.0,0.0,-0.0,0.0974506288766861,0.11422757804393768,0.07838968932628632,0.06406976282596588,0.09630285203456879,0.1133093386888504,0.07734869420528412,0.06313623487949371
19,0.63365,0.06313623487949371,right_box_53,0.0,0.31863826513290405,0.31863826513290405,0.0,0.0,-0.0,0.0974506288766861,0.11422757804393768,0.07838968932628632,0.06406976282596588,0.09630285203456879,0.1133093386888504,0.07734869420528412,0.06313623487949371
20,0.667,0.06313623487949371,right_box_53,0.0,0.31863826513290405,0.31863826513290405,0.0,0.0,-0.0,0.0974506288766861,0.11422757804393768,0.07838968932628632,0.06406976282596588,0.09630285203456879,0.1133093386888504,0.07734869420528412,0.06313623487949371
21,0.7003500000000001,0.06313623487949371,right_box_53,0.0,0.31863826513290405,0.31863826513290405,0.0,0.0,-0.0,0.0974506288766861,0.11422757804393768,0.07838968932628632,0.06406976282596588,0.09630285203456879,0.1133093386888504,0.07734869420528412,0.06313623487949371
22,0.7337000000000001,0.06313623487949371,right_box_53,0.0,0.31863826513290405,0.31863826513290405,0.0,0.0,-0.0,0.0974506288766861,0.11422757804393768,0.07838968932628632,0.06406976282596588,0.09630285203456879,0.1133093386888504,0.07734869420528412,0.06313623487949371
23,0.7670500000000001,0.06313623487949371,right_box_53,0.0,0.31863826513290405,0.31863826513290405,0.0,0.0,-0.0,0.0974506288766861,0.11422757804393768,0.07838968932628632,0.06406976282596588,0.09630285203456879,0.1133093386888504,0.07734869420528412,0.06313623487949371
24,0.8004000000000001,0.06311653554439545,right_box_53,3.8412063076975755e-06,0.3186150789260864,0.31861168146133423,-0.000797111657448113,-0.0006005145842209458,0.0006005145842209458,0.09742392599582672,0.11420141160488129,0.07836286723613739,0.06404383480548859,0.09628380835056305,0.11328931152820587,0.0773288756608963,0.06311653554439545
25,0.8337500000000001,0.06122786924242973,right_box_53,3.587044602681999e-06,0.31639575958251953,0.31639254093170166,-0.06654094904661179,-0.0575859509408474,0.0575859509408474,0.09486986696720123,0.11169929802417755,0.07580186426639557,0.061565082520246506,0.094455286860466,0.11136762797832489,0.07542581856250763,0.06122786924242973
26,0.8671000000000001,0.05904487892985344,left_box_47,3.832918991975021e-06,0.31417009234428406,0.31416669487953186,-0.06674201041460037,-0.07528325915336609,0.07528325915336609,0.0922732800245285,0.10916896164417267,0.073238804936409,0.05904487892985344,0.0925753265619278,0.1094105988740921,0.0735127180814743,0.05929053947329521
27,0.9004500000000001,0.056470971554517746,left_box_47,3.801702177952393e-06,0.3119387626647949,0.3119353950023651,-0.06690555065870285,-0.07525287568569183,0.07525287568569183,0.08962209522724152,0.10660378634929657,0.0706748515367508,0.056470971554517746,0.09063093364238739,0.10741086304187775,0.07158981263637543,0.05729148909449577
28,0.9338000000000002,0.05389813706278801,left_box_47,3.776496896534809e-06,0.3097022771835327,0.3096989691257477,-0.06705924868583679,-0.07519747316837311,0.07519747316837311,0.08697055280208588,0.10403592884540558,0.06811095774173737,0.05389813706278801,0.0886753648519516,0.10539980232715607,0.06965713202953339,0.05528471991419792
29,0.9671500000000002,0.05132756754755974,left_box_47,3.7482641346286982e-06,0.30746132135391235,0.30745798349380493,-0.06719597429037094,-0.07510989159345627,0.07510989159345627,0.08431993424892426,0.10146655142307281,0.065548375248909,0.05132756754755974,0.08670897781848907,0.10337777435779572,0.06771509349346161,0.05327067896723747
30,1.0005000000000002,0.048760127276182175,left_box_47,3.838680186163401e-06,0.30521631240844727,0.30521291494369507,-0.0673184022307396,-0.07499998062849045,0.07499998062849045,0.08167122304439545,0.09889645874500275,0.0629877895116806,0.048760127276182175,0.08473183214664459,0.10134492814540863,0.06576360762119293,0.0512494258582592
31,1.0338500000000002,0.04619675502181053,left_box_47,3.779392727665254e-06,0.3029678165912628,0.302964448928833,-0.06742027401924133,-0.07486414909362793,0.07486414909362793,0.07902543246746063,0.09632666409015656,0.060430269688367844,0.04619675502181053,0.08274419605731964,0.09930168092250824,0.06380297243595123,0.049221333116292953
32,1.0672000000000001,0.04363850876688957,left_box_47,3.911547537427396e-06,0.3007164001464844,0.3007129430770874,-0.0675114244222641,-0.07469972223043442,0.07469972223043442,0.07638378441333771,0.09375827014446259,0.05787680670619011,0.04363850876688957,0.08074621856212616,0.09724821150302887,0.061833273619413376,0.04718659445643425
33,1.1005500000000001,0.041086357086896896,left_box_47,3.831917183561018e-06,0.2984626889228821,0.29845932126045227,-0.0675748735666275,-0.0745093822479248,0.0745093822479248,0.07374735176563263,0.09119220077991486,0.05532835051417351,0.041086357086896896,0.07873828709125519,0.09518493711948395,0.05985487625002861,0.04514564201235771
34,1.1339000000000001,0.038541074842214584,left_box_47,3.834164544969099e-06,0.296207070350647,0.2962036728858948,-0.06763564050197601,-0.07429848611354828,0.07429848611354828,0.07111696898937225,0.08862929046154022,0.05278576537966728,0.038541074842214584,0.07672052085399628,0.09311215579509735,0.0578678660094738,0.04309862479567528
35,1.1672500000000001,0.036003660410642624,left_box_47,3.919223217963008e-06,0.2939501404762268,0.2939467430114746,-0.06767406314611435,-0.07406078279018402,0.07406078279018402,0.0684937983751297,0.08607055246829987,0.05024994537234306,0.036003660410642624,0.0746932178735733,0.0910300761461258,0.05587245151400566,0.04104582592844963
36,1.2006000000000001,0.03347479924559593,left_box_47,3.834466042462736e-06,0.291692316532135,0.2916889190673828,-0.06770087033510208,-0.07380520552396774,0.07380520552396774,0.06587864458560944,0.08351670205593109,0.04772162064909935,0.03347479924559593,0.07265658676624298,0.08893905580043793,0.05386881157755852,0.038987528532743454
37,1.23395,0.03095550462603569,left_box_47,3.869721240334911e-06,0.2894342541694641,0.2894308567047119,-0.06770802289247513,-0.07352147996425629,0.07352147996425629,0.06327258050441742,0.08096884191036224,0.04520181939005852,0.03095550462603569,0.07061095535755157,0.08683954179286957,0.05185730382800102,0.03692406043410301
38,1.2673,0.028446342796087265,left_box_47,3.852951522276271e-06,0.2871761620044708,0.2871728539466858,-0.06770623475313187,-0.07322479784488678,0.07322479784488678,0.06067628785967827,0.07842753827571869,0.04269104823470116,0.028446342796087265,0.06855635344982147,0.08473159372806549,0.04983782395720482,0.03485546633601189
39,1.30065,0.025948192924261093,left_box_47,3.908111921191448e-06,0.28491872549057007,0.28491532802581787,-0.06769193708896637,-0.07290354371070862,0.07290354371070862,0.05809081718325615,0.07589371502399445,0.04019027575850487,0.025948192924261093,0.06649331748485565,0.0826156884431839,0.04781084880232811,0.03278222307562828
40,1.334,0.02346208319067955,left_box_47,3.877381459460594e-06,0.28266260027885437,0.28265926241874695,-0.06764815002679825,-0.0725545808672905,0.0725545808672905,0.055517178028821945,0.07336841523647308,0.03770047053694725,0.02346208319067955,0.06442223489284515,0.08049245178699493,0.04577681049704552,0.03070485219359398
41,1.3673500000000003,0.02098814770579338,left_box_47,3.947488039557356e-06,0.28040772676467896,0.28040432929992676,-0.06761419028043747,-0.07220382988452911,0.07220382988452911,0.05295569822192192,0.0708518773317337,0.03522176668047905,0.02098814770579338,0.062342893332242966,0.0783616155385971,0.04373542591929436,0.028623055666685104
42,1.4007000000000003,0.018527280539274216,left_box_47,3.827062755590305e-06,0.27815482020378113,0.2781515419483185,-0.06754984706640244,-0.07182896137237549,0.07182896137237549,0.05040736123919487,0.06834511458873749,0.03275511786341667,0.018527280539274216,0.06025586649775505,0.07622389495372772,0.04168712720274925,0.02653738483786583
43,1.4340500000000003,0.016080286353826523,left_box_47,3.961187303502811e-06,0.2759043872356415,0.2759009897708893,-0.0674828290939331,-0.07143263518810272,0.07143263518810272,0.04787309095263481,0.06584890186786652,0.030301328748464584,0.016080286353826523,0.05816153809428215,0.07407964766025543,0.03963236138224602,0.024448227137327194
44,1.4674000000000003,0.013647567480802536,left_box_47,3.913833552360302e-06,0.2736566960811615,0.2736533284187317,-0.0673961490392685,-0.07102648168802261,0.07102648168802261,0.04535333439707756,0.06336371600627899,0.027860786765813828,0.013647567480802536,0.056060027331113815,0.07192908227443695,0.03757115826010704,0.022355686873197556
45,1.5007500000000003,0.011229690164327621,left_box_47,3.8763073462178e-06,0.2714121341705322,0.2714088261127472,-0.0673014223575592,-0.07060559093952179,0.07060559093952179,0.042848777025938034,0.06089023873209953,0.025434087961912155,0.011229690164327621,0.05395166203379631,0.06977255642414093,0.03550375625491142,0.020260047167539597
46,1.5341000000000002,0.008827414363622665,left_box_47,3.824094164883718e-06,0.26917126774787903,0.269167959690094,-0.06719239801168442,-0.07016458362340927,0.07016458362340927,0.04036025330424309,0.05842925235629082,0.023021962493658066,0.008827414363622665,0.05183685943484306,0.06761054694652557,0.033430587500333786,0.01816171035170555
47,1.5674500000000002,0.006441023200750351,left_box_47,3.839536930172471e-06,0.266934335231781,0.26693111658096313,-0.06707175821065903,-0.06971687823534012,0.06971687823534012,0.037888165563344955,0.055981140583753586,0.020624782890081406,0.006441023200750351,0.049715813249349594,0.0654432624578476,0.03135177120566368,0.01606084033846855
48,1.6008000000000002,0.004071291536092758,left_box_47,4.0705272112973034e-06,0.2647019028663635,0.26469841599464417,-0.06694754958152771,-0.06924862414598465,0.06924862414598465,0.035433363169431686,0.05354679748415947,0.01824326440691948,0.004071291536092758,0.0475890152156353,0.06327132880687714,0.029267754405736923,0.013957913964986801
49,1.6341500000000002,0.0017180554568767548,left_box_47,3.993251084466465e-06,0.26247382164001465,0.2624705135822296,-0.06680367141962051,-0.06878662109375,0.06878662109375,0.03299577161669731,0.05112610384821892,0.015877332538366318,0.0017180554568767548,0.04545637592673302,0.06109456345438957,0.027178358286619186,0.011852677911520004
50,1.6675000000000002,-0.0006175525486469269,left_box_47,4.010787051811349e-06,0.2602510452270508,0.2602476477622986,-0.06665264815092087,-0.06829289346933365,0.06829289346933365,0.030576612800359726,0.048720236867666245,0.013528075069189072,-0.0006175525486469269,0.04331868514418602,0.05891389772295952,0.02508438751101494,0.009745996445417404
51,1.7008500000000002,-0.0029355324804782867,left_box_47,4.030068339488935e-06,0.2580336034297943,0.2580302357673645,-0.06648911535739899,-0.06780140101909637,0.06780140101909637,0.028175946325063705,0.04632936045527458,0.011195551604032516,-0.0029355324804782867,0.041176047176122665,0.05672944709658623,0.02298588678240776,0.007637884467840195
52,1.7342000000000002,-0.005235482007265091,left_box_47,4.089019967068452e-06,0.2558218240737915,0.2558184862136841,-0.06631933152675629,-0.06729918718338013,0.06729918718338013,0.025794263929128647,0.043953921645879745,0.008880149573087692,-0.005235482007265091,0.039028774946928024,0.054541539400815964,0.02088307961821556,0.005528610199689865
53,1.7675500000000002,-0.00751693919301033,left_box_47,4.242911472829292e-06,0.2536161541938782,0.2536126375198364,-0.06614239513874054,-0.06678535044193268,0.06678535044193268,0.02343207225203514,0.04159447178244591,0.006582360714673996,-0.00751693919301033,0.036877360194921494,0.052350711077451706,0.018776457756757736,0.0034185610711574554
54,1.8009000000000002,-0.00977988913655281,left_box_47,4.091129085281864e-06,0.2514166831970215,0.25141334533691406,-0.06594579666852951,-0.06627196818590164,0.06627196818590164,0.021089550107717514,0.039251189678907394,0.004302274435758591,-0.00977988913655281,0.03472190722823143,0.05015705153346062,0.016666021198034286,0.0013077668845653534
55,1.8342500000000002,-0.012023646384477615,left_box_47,4.061741947225528e-06,0.24922402203083038,0.24922069907188416,-0.06574651598930359,-0.06574025750160217,0.06574025750160217,0.0187673382461071,0.03692474588751793,0.002040516585111618,-0.012023646384477615,0.03256310150027275,0.047961365431547165,0.014552455395460129,-0.0008031018078327179
56,1.8676000000000004,-0.014248330146074295,left_box_47,4.078446636412991e-06,0.2470381259918213,0.24703484773635864,-0.06554277241230011,-0.06521302461624146,0.06521302461624146,0.016465436667203903,0.0346151702105999,-0.0002029724419116974,-0.014248330146074295,0.030400972813367844,0.045763593167066574,0.01243574544787407,-0.002914104610681534
57,1.9009500000000004,-0.016453731805086136,left_box_47,3.940821898140712e-06,0.24485932290554047,0.24485617876052856,-0.06532740592956543,-0.06468086689710617,0.06468086689710617,0.014184128493070602,0.03232282027602196,-0.0024279244244098663,-0.016453731805086136,0.02823587879538536,0.04356421157717705,0.010316174477338791,-0.005024973303079605
58,1.9343000000000004,-0.018639344722032547,left_box_47,4.018150320916902e-06,0.2426881194114685,0.24268487095832825,-0.06510668247938156,-0.06413531303405762,0.06413531303405762,0.011923965066671371,0.030048232525587082,-0.0046338774263858795,-0.018639344722032547,0.02606847509741783,0.04136381670832634,0.008194368332624435,-0.0071351416409015656
59,1.9676500000000003,-0.019881878048181534,left_box_47,4.072310275660129e-06,0.24052464962005615,0.2405213564634323,-0.06487300246953964,-0.0635906532406807,0.0635906532406807,0.009684991091489792,0.027791526168584824,-0.0068207718431949615,-0.019881878048181534,0.023898985236883163,0.03916272148489952,0.006070490926504135,-0.009244460612535477
60,2.0010000000000003,-0.01993619278073311,left_box_47,4.090361926500918e-06,0.23836904764175415,0.2383657544851303,-0.0646357461810112,-0.06304553896188736,0.06304553896188736,0.007467310875654221,0.025552865117788315,-0.00898851826786995,-0.01993619278073311,0.02172769233584404,0.03696117922663689,0.003944825381040573,-0.011352721601724625
61,2.0343500000000003,-0.01986180618405342,left_box_47,4.0715162867854815e-06,0.23622165620326996,0.23621845245361328,-0.06438687443733215,-0.062495067715644836,0.062495067715644836,0.005271177738904953,0.02333253249526024,-0.011136922985315323,-0.01986180618405342,0.01955505833029747,0.03475963696837425,0.0018177293241024017,-0.013459581881761551
62,2.0677000000000003,-0.019070226699113846,left_box_47,4.152429028181359e-06,0.2340826839208603,0.23407939076423645,-0.06413978338241577,-0.06194504350423813,0.06194504350423813,0.0030966810882091522,0.02113073691725731,-0.013265866786241531,-0.019070226699113846,0.017381396144628525,0.03255849704146385,-0.0003104694187641144,-0.01556478813290596
63,2.1010500000000003,-0.019597727805376053,left_box_47,4.052665644849185e-06,0.2319522649049759,0.2319490760564804,-0.06387750804424286,-0.061394572257995605,0.061394572257995605,0.0009438805282115936,0.018947508186101913,-0.015375364571809769,-0.019597727805376053,0.01520707830786705,0.03035804256796837,-0.002439487725496292,-0.017668072134256363
64,2.1344000000000003,-0.01982508972287178,left_box_47,4.053040356666315e-06,0.22983074188232422,0.22982753813266754,-0.06361433118581772,-0.06084052473306656,0.06084052473306656,-0.0011870302259922028,0.016783159226179123,-0.017465222626924515,-0.01982508972287178,0.013032551854848862,0.028158824890851974,-0.004568863660097122,-0.0197690911591053
65,2.1677500000000003,-0.019971076399087906,right_box_53,3.9153846955741756e-06,0.2277180701494217,0.22771501541137695,-0.06334400922060013,-0.06188695877790451,0.06188695877790451,-0.0032962746918201447,0.014637526124715805,-0.019535619765520096,-0.019818875938653946,0.010857995599508286,0.025960933417081833,-0.006698522716760635,-0.019971076399087906
66,2.2011000000000003,-0.019868437200784683,left_box_47,1.7769009446055861e-06,0.22567789256572723,0.22567753493785858,-0.06109387055039406,-0.05804348737001419,0.05804348737001419,-0.005325246602296829,0.01257145032286644,-0.019494641572237015,-0.019868437200784683,0.008753251284360886,0.023834269493818283,-0.008759785443544388,-0.0196535624563694
67,2.2344500000000003,-0.019954059273004532,left_box_47,1.972097152247443e-06,0.2255803793668747,0.2255803644657135,-0.0029136575758457184,-0.005742867477238178,0.005742867477238178,-0.005558300763368607,0.012367095798254013,-0.01969035342335701,-0.019954059273004532,0.008773129433393478,0.02383224293589592,-0.008732307702302933,-0.019621137529611588
68,2.2678000000000003,-0.01987919583916664,left_box_46,1.6963707594186417e-06,0.22549065947532654,0.22549057006835938,-0.0026924859266728163,-0.006165551021695137,0.006165551021695137,-0.005785871297121048,0.012168031185865402,-0.01987919583916664,-0.019785750657320023,0.008802022784948349,0.023838337510824203,-0.008694801479578018,-0.019577164202928543
69,2.3011500000000003,-0.01993844285607338,left_box_46,1.7076666836146615e-06,0.22540819644927979,0.22540807723999023,-0.002473548287525773,-0.0059604644775390625,0.0059604644775390625,-0.006008286029100418,0.01197383925318718,-0.01993844285607338,-0.01962629333138466,0.008839216083288193,0.02385183796286583,-0.008647967129945755,-0.01952235773205757
70,2.3345000000000002,-0.01988508179783821,left_box_46,1.8955038285639603e-06,0.2253330945968628,0.22533300518989563,-0.002251035999506712,-0.005747782066464424,0.005747782066464424,-0.006225306540727615,0.01178477331995964,-0.01988508179783821,-0.019475866109132767,0.00888470932841301,0.02387278899550438,-0.008591774851083755,-0.019561830908060074
71,2.3678500000000002,-0.01994100585579872,left_box_46,1.8381202835371369e-06,0.2252652496099472,0.22526533901691437,-0.0020289707463234663,-0.005533312913030386,0.005533312913030386,-0.006436828523874283,0.011600848287343979,-0.01994100585579872,-0.019334543496370316,0.008938189595937729,0.023900862783193588,-0.008526567369699478,-0.019620824605226517
72,2.4012000000000002,-0.01977524533867836,left_box_46,1.9578590126911877e-06,0.22520503401756287,0.22520484030246735,-0.0018140544416382909,-0.005304545164108276,0.005304545164108276,-0.0066423602402210236,0.011422540992498398,-0.01977524533867836,-0.019202742725610733,0.008999999612569809,0.023936431854963303,-0.008452001959085464,-0.019690562039613724
73,2.43455,-0.019770372658967972,right_box_53,1.8204476646133116e-06,0.22515206038951874,0.22515197098255157,-0.0015852870419621468,0.0022747169714421034,0.0,-0.0068420954048633575,0.011249642819166183,-0.01961742714047432,-0.019080210477113724,0.009069498628377914,0.023978915065526962,-0.008368734270334244,-0.019770372658967972
74,2.4679,-0.019860494881868362,right_box_53,1.985132257686928e-06,0.22510652244091034,0.2251063883304596,-0.0013667962048202753,0.0025722933933138847,0.0,-0.007035661488771439,0.011082436889410019,-0.019467879086732864,-0.019180838018655777,0.009146776050329208,0.024028386920690536,-0.008276630192995071,-0.019860494881868362
75,2.50125,-0.01996063068509102,right_box_53,1.6973194760794286e-06,0.22506843507289886,0.22506844997406006,-0.0011375820031389594,0.0028622739482671022,0.0,-0.007222849875688553,0.01092110201716423,-0.019326794892549515,-0.019334007054567337,0.009231697767972946,0.02408474311232567,-0.008175913244485855,-0.01996063068509102
76,2.5346,-0.019929248839616776,right_box_53,2.16200714930892e-06,0.22503772377967834,0.22503794729709625,-0.0009146230295300484,0.0031504672951996326,0.0,-0.007403600960969925,0.0107656829059124,-0.019194234162569046,-0.019479800015687943,0.009324055165052414,0.02414780482649803,-0.008066702634096146,-0.019929248839616776
77,2.56795,-0.019809115678071976,right_box_53,1.817590487007692e-06,0.22501465678215027,0.22501452267169952,-0.0007023875950835645,0.003440001280978322,0.0,-0.00757739320397377,0.010616626590490341,-0.019164670258760452,-0.019617725163698196,0.009423937648534775,0.024217691272497177,-0.007948968559503555,-0.019809115678071976
78,2.6013,-0.019748110324144363,left_box_47,1.7672801959633944e-06,0.22499887645244598,0.2249988615512848,-0.00046959883184172213,-0.002967721549794078,0.002967721549794078,-0.007744494825601578,0.010473635047674179,-0.019275400787591934,-0.019748110324144363,0.009530868381261826,0.0242939256131649,-0.007823143154382706,-0.01967943087220192
79,2.63465,-0.019870493561029434,left_box_47,1.8966090920002898e-06,0.224990576505661,0.2249906212091446,-0.00024708674754947424,-0.0026884644757956266,0.0026884644757956266,-0.007904428988695145,0.010337110608816147,-0.01937808468937874,-0.019870493561029434,0.009644906967878342,0.024376582354307175,-0.0076892562210559845,-0.019540119916200638
80,2.668,-0.019984636455774307,left_box_47,1.849819568633393e-06,0.2249898910522461,0.22498995065689087,-2.010651587625034e-05,-0.0024020583368837833,0.0024020583368837833,-0.008056972175836563,0.01020730659365654,-0.019472558051347733,-0.019984636455774307,0.009766008704900742,0.024465691298246384,-0.007547248154878616,-0.019451115280389786
81,2.7013500000000006,-0.019909385591745377,left_box_47,1.8840269149222877e-06,0.22499659657478333,0.22499673068523407,0.00020329920516815037,-0.0021183330100029707,0.0021183330100029707,-0.008202079683542252,0.010084148496389389,-0.019558865576982498,-0.019909385591745377,0.009893830865621567,0.024560879915952682,-0.007397565990686417,-0.01959160342812538
82,2.7347000000000006,-0.01981191709637642,left_box_47,1.8475036540621659e-06,0.22501084208488464,0.22501087188720703,0.0004240240668877959,-0.0018256715266034007,0.0018256715266034007,-0.008339453488588333,0.009967934340238571,-0.01963670924305916,-0.01981191709637642,0.01002834364771843,0.02466217800974846,-0.007240179926156998,-0.01974143460392952
83,2.7680500000000006,-0.01990034058690071,right_box_53,1.9544686438166536e-06,0.2250324785709381,0.2250324934720993,0.0006483234465122223,0.0050637139938771725,0.0,-0.008469093590974808,0.009858634322881699,-0.019706163555383682,-0.01972288265824318,0.01016927883028984,0.024769332259893417,-0.007075358182191849,-0.01990034058690071
84,2.8014000000000006,-0.019989032298326492,right_box_53,2.006587692449102e-06,0.22506177425384521,0.22506192326545715,0.0008824526448734105,0.005327332764863968,0.0,-0.008590418845415115,0.009756725281476974,-0.019766706973314285,-0.019642848521471024,0.010316755622625351,0.02488246187567711,-0.0069030411541461945,-0.019989032298326492
85,2.8347500000000005,-0.019818443804979324,left_box_46,1.939617277457728e-06,0.2250986099243164,0.2250986397266388,0.001100943423807621,-0.0019503318471834064,0.0019503318471834064,-0.008703473955392838,0.009662147611379623,-0.019818443804979324,-0.019571755081415176,0.010470490902662277,0.025001313537359238,-0.006723467260599136,-0.019791770726442337
86,2.8681000000000005,-0.019861388951539993,left_box_46,1.959184828592697e-06,0.22514277696609497,0.22514306008815765,0.0013319449499249458,-0.0016630321042612195,0.0016630321042612195,-0.00880824401974678,0.00957491621375084,-0.019861388951539993,-0.01950957253575325,0.010630141943693161,0.02512563392519951,-0.006537009030580521,-0.019587118178606033
87,2.9014500000000005,-0.019894961267709732,left_box_46,1.9071676433668472e-06,0.22519469261169434,0.22519458830356598,0.0015450740465894341,-0.0013565195258706808,0.0013565195258706808,-0.008904088288545609,0.0094955675303936,-0.019894961267709732,-0.019456926733255386,0.010795976966619492,0.025255616754293442,-0.00634336844086647,-0.01937476173043251
88,2.9348000000000005,-0.01991947367787361,left_box_46,1.8828578731699963e-06,0.22525399923324585,0.22525404393672943,0.0017827777191996574,-0.0010589431039988995,0.0010589431039988995,-0.008991200476884842,0.009423892945051193,-0.01991947367787361,-0.019413549453020096,0.010967489331960678,0.02539084479212761,-0.006143141537904739,-0.019548241049051285
89,2.9681500000000005,-0.019934464246034622,left_box_46,2.1126732008269755e-06,0.22532087564468384,0.22532102465629578,0.0020084173884242773,-0.0007470687269233167,0.0007470687269233167,-0.009069178253412247,0.009360264986753464,-0.019934464246034622,-0.019379872828722,0.011144708842039108,0.025531362742185593,-0.005936194211244583,-0.019758332520723343
90,3.0015000000000005,-0.019975576549768448,right_box_53,2.0211957689753035e-06,0.22539521753787994,0.22539538145065308,0.0022295890375971794,0.00679064029827714,0.0,-0.009137962013483047,0.009304668754339218,-0.01994003728032112,-0.019355852156877518,0.011327411979436874,0.025676961988210678,-0.00572286918759346,-0.019975576549768448
91,3.0348500000000005,-0.01993585005402565,left_box_46,1.9768679067055928e-06,0.22547712922096252,0.22547732293605804,0.00245701614767313,-0.00011706459190463647,0.00011706459190463647,-0.00919722393155098,0.009257402271032333,-0.01993585005402565,-0.0193418450653553,0.011515539139509201,0.025827597826719284,-0.0055031366646289825,-0.019800011068582535
92,3.0682000000000005,-0.01992187276482582,left_box_46,2.080538706650259e-06,0.2255665361881256,0.22556672990322113,0.002680868608877063,0.00020508644229266793,0.0,-0.009246829897165298,0.009218554943799973,-0.01992187276482582,-0.01933789625763893,0.011708851903676987,0.025983091443777084,-0.005277279764413834,-0.01956871524453163
93,3.1015500000000005,-0.01989774778485298,left_box_46,2.0767249679920496e-06,0.22566363215446472,0.22566382586956024,0.002911423332989216,0.000538407766725868,0.0,-0.009286392480134964,0.009188439697027206,-0.01989774778485298,-0.019344408065080643,0.011907469481229782,0.026143532246351242,-0.00504520907998085,-0.019330400973558426
94,3.1349000000000005,-0.019863534718751907,left_box_46,2.0467446120164823e-06,0.2257682979106903,0.22576837241649628,0.0031348292250186205,0.0008708355017006397,0.0,-0.00931592658162117,0.009167086333036423,-0.019863534718751907,-0.01936132088303566,0.012111078947782516,0.026308681815862656,-0.004807222634553909,-0.019522760063409805
95,3.1682500000000005,-0.019819382578134537,left_box_46,1.8915187638413045e-06,0.22588016092777252,0.22588032484054565,0.003356894478201866,0.0011992418440058827,0.0,-0.009335491806268692,0.009154316037893295,-0.019819382578134537,-0.019388560205698013,0.012319158762693405,0.026478033512830734,-0.004563827067613602,-0.019759226590394974
96,3.2016000000000004,-0.019997183233499527,right_box_53,2.0612624211935326e-06,0.2259998768568039,0.22600017488002777,0.003593704430386424,0.00811543595045805,0.0,-0.00934423878788948,0.00915096327662468,-0.019764471799135208,-0.019426915794610977,0.012532230466604233,0.02665213868021965,-0.004314545542001724,-0.019997183233499527
97,3.2349500000000004,-0.01974697783589363,right_box_53,2.061400664388202e-06,0.226127028465271,0.2261272519826889,0.0038104080595076084,0.008318735286593437,0.0,-0.009342465549707413,0.009156685322523117,-0.019699174910783768,-0.019476044923067093,0.012749787420034409,0.02683047577738762,-0.004059869796037674,-0.01974697783589363
98,3.2683000000000004,-0.019623059779405594,left_box_46,1.955947709575412e-06,0.22626179456710815,0.2262619286775589,0.004038281738758087,0.0022514828015118837,0.0,-0.009329710155725479,0.009171869605779648,-0.019623059779405594,-0.019536394625902176,0.012971844524145126,0.027013104408979416,-0.0037998296320438385,-0.01949009671807289
99,3.3016500000000004,-0.019628439098596573,left_box_47,2.162952114304062e-06,0.2264040857553482,0.22640427947044373,0.0042683896608650684,0.003780471393838525,0.0,-0.009305913001298904,0.009196590632200241,-0.019536156207323074,-0.019628439098596573,0.01319814845919609,0.02719983085989952,-0.0035346485674381256,-0.01922674849629402
100,3.3350000000000004,-0.019808147102594376,left_box_47,2.2485237423097715e-06,0.22655390202999115,0.22655412554740906,0.004493135958909988,0.004147303756326437,0.0,-0.009270865470170975,0.009230982512235641,-0.019438300281763077,-0.019808147102594376,0.01342858001589775,0.027390535920858383,-0.003264445811510086,-0.01895703747868538
101,3.3683500000000004,-0.01999959722161293,left_box_47,2.153231434931513e-06,0.22671103477478027,0.22671136260032654,0.004714754410088062,0.004511901643127203,0.0,-0.009224552661180496,0.009275000542402267,-0.019329536706209183,-0.01999959722161293,0.013662811368703842,0.027584876865148544,-0.002989593893289566,-0.018681276589632034
102,3.4017000000000004,-0.019891787320375443,left_box_47,1.961891712198849e-06,0.2268759161233902,0.22687622904777527,0.004943521693348885,0.004891691729426384,0.0,-0.009166423231363297,0.009329210966825485,-0.019290972501039505,-0.019891787320375443,0.013901155441999435,0.027783270925283432,-0.0027097798883914948,-0.01839909330010414
103,3.4350500000000004,-0.019989926367998123,left_box_47,2.2386764158000005e-06,0.22704832255840302,0.2270485907793045,0.0051682679913938046,0.005271034315228462,0.0,-0.009096432477235794,0.009393569082021713,-0.019450638443231583,-0.019989926367998123,0.01414322480559349,0.027985285967588425,-0.0024253763258457184,-0.018110860139131546
104,3.4684000000000004,-0.019859734922647476,left_box_47,2.1479390852618963e-06,0.2272280901670456,0.22722837328910828,0.005390780046582222,0.005648143123835325,0.0,-0.009014535695314407,0.009468089789152145,-0.01962308958172798,-0.019859734922647476,0.014388736337423325,0.02819071337580681,-0.0021366961300373077,-0.017816860228776932
105,3.5017500000000004,-0.019808832556009293,left_box_46,2.160732492484385e-06,0.2274155616760254,0.22741585969924927,0.005621781572699547,0.0048483507707715034,0.0,-0.008920226246118546,0.009553249925374985,-0.019808832556009293,-0.019717101007699966,0.014637928456068039,0.02839977666735649,-0.001843515783548355,-0.017516780644655228
106,3.5351000000000004,-0.01999235525727272,left_box_46,2.2085914679337293e-06,0.22761045396327972,0.2276107519865036,0.005843847058713436,0.00523305544629693,0.0,-0.008813638240098953,0.009648885577917099,-0.01999235525727272,-0.019617605954408646,0.014890369027853012,0.028612088412046432,-0.0015462525188922882,-0.017211098223924637
107,3.5684500000000003,-0.019879866391420364,left_box_47,2.485237700966536e-06,0.2278129756450653,0.22781310975551605,0.0060676997527480125,0.006824151147156954,0.0,-0.008694294840097427,0.009755413979291916,-0.01978001371026039,-0.019879866391420364,0.015146147459745407,0.028827767819166183,-0.0012448467314243317,-0.016899604350328445
108,3.6018000000000003,-0.01984414830803871,left_box_47,2.389235760347219e-06,0.2280227094888687,0.2280230075120926,0.006293786223977804,0.007211536634713411,0.0,-0.008562449365854263,0.009872537106275558,-0.019554484635591507,-0.01984414830803871,0.015404727309942245,0.029046278446912766,-0.0009398646652698517,-0.0165829099714756
109,3.6351500000000003,-0.019742075353860855,left_box_46,2.2150736640469404e-06,0.22824013233184814,0.2282404899597168,0.006521213334053755,0.00642693554982543,0.0,-0.008417446166276932,0.010000895708799362,-0.019742075353860855,-0.019553828984498978,0.01566651090979576,0.0292680524289608,-0.0006308741867542267,-0.016260523349046707
110,3.6685000000000003,-0.019957322627305984,left_box_46,2.4568198568886146e-06,0.2284647822380066,0.2284652590751648,0.006739703938364983,0.0068254913203418255,0.0,-0.008259523659944534,0.01014019176363945,-0.019957322627305984,-0.019249532371759415,0.015930842608213425,0.029492508620023727,-0.0003185756504535675,-0.015933100134134293
111,3.7018500000000003,-0.019814301282167435,left_box_46,2.3766133381286636e-06,0.22869731485843658,0.2286975234746933,0.006964450236409903,0.007245941087603569,0.0,-0.00808790698647499,0.010291200131177902,-0.019814301282167435,-0.01949191465973854,0.016198333352804184,0.02972019836306572,-2.3283064365386963e-06,-0.01560002937912941
112,3.7352000000000007,-0.01981951668858528,left_box_47,2.4403927909588674e-06,0.22893697023391724,0.2289373278617859,0.007190536707639694,0.008832568302750587,0.0,-0.007903102785348892,0.010453354567289352,-0.019573349505662918,-0.01981951668858528,0.016468044370412827,0.029950272291898727,0.00031689926981925964,-0.015262175351381302
113,3.7685500000000007,-0.01997298374772072,left_box_47,2.4283986022055615e-06,0.2291841357946396,0.2291845977306366,0.007414389401674271,0.009248103015124798,0.0,-0.007704544812440872,0.010627146810293198,-0.01931929960846901,-0.01997298374772072,0.016740303486585617,0.030183028429746628,0.0006394200026988983,-0.014919225126504898
114,3.8019000000000007,-0.01964651420712471,left_box_47,2.334964392503025e-06,0.2294389009475708,0.22943925857543945,0.0076360078528523445,0.009668105281889439,0.0,-0.007491994649171829,0.010812845081090927,-0.01905195787549019,-0.01964651420712471,0.017015065997838974,0.03041849657893181,0.0009651742875576019,-0.014571193605661392
115,3.8352500000000007,-0.019307080656290054,left_box_47,2.497557034075726e-06,0.22970083355903625,0.2297012358903885,0.007855392061173916,0.010079619474709034,0.0,-0.007265690714120865,0.011010151356458664,-0.019021380692720413,-0.019307080656290054,0.017291825264692307,0.03065617009997368,0.0012936107814311981,-0.014218602329492569
116,3.8686000000000007,-0.019318167120218277,left_box_46,2.430757604088285e-06,0.22997047007083893,0.22997082769870758,0.008083713240921497,0.00934863556176424,0.0,-0.007024887949228287,0.011219765990972519,-0.019318167120218277,-0.018954027444124222,0.01757098361849785,0.030896466225385666,0.0016251914203166962,-0.013860959559679031
117,3.9019500000000007,-0.01962881162762642,left_box_46,2.4004314127523685e-06,0.23024746775627136,0.23024767637252808,0.008301310241222382,0.009778914973139763,0.0,-0.006769780069589615,0.011441465467214584,-0.01962881162762642,-0.018587667495012283,0.017852123826742172,0.031138982623815536,0.001959424465894699,-0.013498757034540176
118,3.9353000000000007,-0.019953090697526932,left_box_46,2.6484376576263458e-06,0.23053143918514252,0.23053200542926788,0.008525609038770199,0.010202045552432537,0.0,-0.006500560790300369,0.011675026267766953,-0.019953090697526932,-0.018591273576021194,0.0181347094476223,0.03138324245810509,0.0022958479821681976,-0.013132397085428238
119,3.9686500000000007,-0.019708100706338882,left_box_46,2.4105363536364166e-06,0.23082318902015686,0.2308235764503479,0.008742759935557842,0.010651984252035618,0.0,-0.0062162913382053375,0.011921372264623642,-0.019708100706338882,-0.01898450031876564,0.01841951534152031,0.0316300205886364,0.002635117620229721,-0.012761194258928299
120,4.002000000000001,-0.019393015652894974,left_box_47,2.4602377379778773e-06,0.23112227022647858,0.23112277686595917,0.008971527218818665,0.012224760837852955,0.0,-0.005917210131883621,0.012180190533399582,-0.019355062395334244,-0.019393015652894974,0.01870599016547203,0.0318787507712841,0.0029767416417598724,-0.012385640293359756
121,4.03535,-0.01981695368885994,left_box_47,2.6068755687447265e-06,0.23142868280410767,0.23142918944358826,0.009187784045934677,0.012660848908126354,0.0,-0.005603138357400894,0.012451674789190292,-0.018987614661455154,-0.01981695368885994,0.018993999809026718,0.03212938830256462,0.0033205412328243256,-0.012005839496850967
122,4.068700000000001,-0.019752267748117447,left_box_47,2.771065055640065e-06,0.23174235224723816,0.23174291849136353,0.009407168254256248,0.013096489943563938,0.0,-0.005274016410112381,0.012735839933156967,-0.018605757504701614,-0.019752267748117447,0.01928342506289482,0.03238178417086601,0.0036664120852947235,-0.011621911078691483
123,4.10205,-0.019845206290483475,left_box_47,2.4894111447792966e-06,0.2320634424686432,0.23206393420696259,0.009625659324228764,0.01353927981108427,0.0,-0.004929531365633011,0.01303296908736229,-0.018209192901849747,-0.019845206290483475,0.01957434043288231,0.03263605758547783,0.004014384001493454,-0.011233795434236526
124,4.135400000000001,-0.019969869405031204,left_box_47,2.5347117116325535e-06,0.23239178955554962,0.23239222168922424,0.009843703359365463,0.013980729505419731,0.0,-0.004569638520479202,0.01334306225180626,-0.01779795065522194,-0.019969869405031204,0.019866492599248886,0.03289197012782097,0.0043642036616802216,-0.0108417309820652
125,4.16875,-0.01942463591694832,left_box_47,2.4767884951870656e-06,0.23272742331027985,0.23272792994976044,0.010066214948892593,0.014426200650632381,0.0,-0.004194173961877823,0.013666268438100815,-0.017371851950883865,-0.01942463591694832,0.02015983685851097,0.03314947709441185,0.004715811461210251,-0.010445687919855118
126,4.202100000000001,-0.019866961985826492,left_box_47,2.670097728696419e-06,0.23307035863399506,0.23307092487812042,0.010284706018865108,0.014876139350235462,0.0,-0.003802914172410965,0.014002781361341476,-0.016930747777223587,-0.019866961985826492,0.0204542838037014,0.033408548682928085,0.005069132894277573,-0.010045785456895828
127,4.23545,-0.019858065992593765,left_box_47,2.5156055016850587e-06,0.23342055082321167,0.23342105746269226,0.010498728603124619,0.01532429177314043,0.0,-0.0033958442509174347,0.014352615922689438,-0.016474608331918716,-0.019858065992593765,0.020749758929014206,0.03366909548640251,0.00542406365275383,-0.009642083197832108
128,4.268800000000001,-0.01926020160317421,left_box_47,2.6802033517014934e-06,0.23377789556980133,0.23377849161624908,0.010717666707932949,0.01577289029955864,0.0,-0.002972874790430069,0.014715801924467087,-0.01600341871380806,-0.01926020160317421,0.021046053618192673,0.0339309386909008,0.005780335515737534,-0.009234804660081863
129,4.302150000000001,-0.019802618771791458,left_box_47,2.6760785658552777e-06,0.23414258658885956,0.23414315283298492,0.010934369638562202,0.016229085624217987,0.0,-0.002533677965402603,0.015092667192220688,-0.01551688089966774,-0.019802618771791458,0.02134336158633232,0.034194301813840866,0.006138201802968979,-0.008823726326227188
130,4.335500000000001,-0.01973136141896248,left_box_47,2.8318577278696466e-06,0.23451444506645203,0.23451510071754456,0.011152860708534718,0.016683492809534073,0.0,-0.0020782388746738434,0.015483152121305466,-0.015015024691820145,-0.01973136141896248,0.02164136990904808,0.03445885702967644,0.0064973048865795135,-0.008409146219491959
131,4.368850000000001,-0.019962389022111893,left_box_47,2.775181201286614e-06,0.23489347100257874,0.2348940372467041,0.011362414807081223,0.017140580341219902,0.0,-0.0016064532101154327,0.01588740572333336,-0.01449771597981453,-0.019962389022111893,0.021940048784017563,0.034724604338407516,0.006857585161924362,-0.007991109043359756
132,4.402200000000001,-0.0193624384701252,left_box_47,2.6933616936730687e-06,0.23527969419956207,0.23528032004833221,0.011582693085074425,0.017598561942577362,0.0,-0.0011181868612766266,0.01630551740527153,-0.013964910060167313,-0.0193624384701252,0.02223939821124077,0.034991588443517685,0.007219057530164719,-0.007569570094347
133,4.435550000000001,-0.019748184829950333,left_box_47,2.79795085589285e-06,0.23567305505275726,0.2356736660003662,0.011794482357800007,0.018057437613606453,0.0,-0.000613335520029068,0.016737576574087143,-0.013416502624750137,-0.019748184829950333,0.02253923937678337,0.03525963053107262,0.007581513375043869,-0.007144767791032791
134,4.4689000000000005,-0.01960812881588936,left_box_47,2.758509026534739e-06,0.23607361316680908,0.2360742688179016,0.012012079358100891,0.018521226942539215,0.0,-9.169057011604309e-05,0.017183732241392136,-0.012852359563112259,-0.01960812881588936,0.022839631885290146,0.03552880510687828,0.007945027202367783,-0.006716568022966385
135,4.502250000000001,-0.019577089697122574,left_box_47,2.8371578082442284e-06,0.2364812195301056,0.23648189008235931,0.012222527526319027,0.018980996683239937,0.0,0.00044668838381767273,0.017643969506025314,-0.012272495776414871,-0.019577089697122574,0.023140396922826767,0.03579893335700035,0.008309360593557358,-0.006285194307565689
136,4.5356000000000005,-0.019731272011995316,left_box_47,2.886414904423873e-06,0.23689594864845276,0.23689661920070648,0.012435656040906906,0.0194447860121727,0.0,0.0010020099580287933,0.018118422478437424,-0.011676806956529617,-0.019731272011995316,0.023441549390554428,0.03607005998492241,0.008674543350934982,-0.005850601941347122
137,4.568950000000001,-0.01943669095635414,left_box_47,2.826707486747182e-06,0.23731781542301178,0.23731838166713715,0.012646551243960857,0.019912151619791985,0.0,0.0015744231641292572,0.01860726997256279,-0.011065129190683365,-0.01943669095635414,0.023743044584989548,0.03634215518832207,0.009040500968694687,-0.00541285052895546
138,4.6023000000000005,-0.01996954157948494,left_box_47,0.0,0.23771734535694122,0.23771734535694122,0.011962929740548134,0.018980102613568306,0.0,0.002123381942510605,0.01907583698630333,-0.010480601340532303,-0.01996954157948494,0.024024199694395065,0.03659648820757866,0.009382184594869614,-0.005002114921808243
139,4.635650000000001,-0.01996954157948494,left_box_47,0.0,0.23771734535694122,0.23771734535694122,0.0,0.0,-0.0,0.002123381942510605,0.01907583698630333,-0.010480601340532303,-0.01996954157948494,0.024024199694395065,0.03659648820757866,0.009382184594869614,-0.005002114921808243
140,4.6690000000000005,-0.01996954157948494,left_box_47,0.0,0.23771734535694122,0.23771734535694122,0.0,0.0,-0.0,0.002123381942510605,0.01907583698630333,-0.010480601340532303,-0.01996954157948494,0.024024199694395065,0.03659648820757866,0.009382184594869614,-0.005002114921808243
141,4.702350000000001,-0.01996954157948494,left_box_47,0.0,0.23771734535694122,0.23771734535694122,0.0,0.0,-0.0,0.002123381942510605,0.01907583698630333,-0.010480601340532303,-0.01996954157948494,0.024024199694395065,0.03659648820757866,0.009382184594869614,-0.005002114921808243
142,4.7357000000000005,-0.01996954157948494,left_box_47,0.0,0.23771734535694122,0.23771734535694122,0.0,0.0,-0.0,0.002123381942510605,0.01907583698630333,-0.010480601340532303,-0.01996954157948494,0.024024199694395065,0.03659648820757866,0.009382184594869614,-0.005002114921808243
143,4.769050000000001,-0.01996954157948494,left_box_47,0.0,0.23771734535694122,0.23771734535694122,0.0,0.0,-0.0,0.002123381942510605,0.01907583698630333,-0.010480601340532303,-0.01996954157948494,0.024024199694395065,0.03659648820757866,0.009382184594869614,-0.005002114921808243
144,4.8024000000000004,-0.01996954157948494,left_box_47,0.0,0.23771734535694122,0.23771734535694122,0.0,0.0,-0.0,0.002123381942510605,0.01907583698630333,-0.010480601340532303,-0.01996954157948494,0.024024199694395065,0.03659648820757866,0.009382184594869614,-0.005002114921808243
145,4.835750000000001,-0.01996954157948494,left_box_47,0.0,0.23771734535694122,0.23771734535694122,0.0,0.0,-0.0,0.002123381942510605,0.01907583698630333,-0.010480601340532303,-0.01996954157948494,0.024024199694395065,0.03659648820757866,0.009382184594869614,-0.005002114921808243
146,4.8691,-0.01996954157948494,left_box_47,0.0,0.23771734535694122,0.23771734535694122,0.0,0.0,-0.0,0.002123381942510605,0.01907583698630333,-0.010480601340532303,-0.01996954157948494,0.024024199694395065,0.03659648820757866,0.009382184594869614,-0.005002114921808243
147,4.902450000000001,-0.01996954157948494,left_box_47,0.0,0.23771734535694122,0.23771734535694122,0.0,0.0,-0.0,0.002123381942510605,0.01907583698630333,-0.010480601340532303,-0.01996954157948494,0.024024199694395065,0.03659648820757866,0.009382184594869614,-0.005002114921808243
148,4.9358,-0.01996954157948494,left_box_47,0.0,0.23771734535694122,0.23771734535694122,0.0,0.0,-0.0,0.002123381942510605,0.01907583698630333,-0.010480601340532303,-0.01996954157948494,0.024024199694395065,0.03659648820757866,0.009382184594869614,-0.005002114921808243
149,4.969150000000001,-0.01996954157948494,left_box_47,0.0,0.23771734535694122,0.23771734535694122,0.0,0.0,-0.0,0.002123381942510605,0.01907583698630333,-0.010480601340532303,-0.01996954157948494,0.024024199694395065,0.03659648820757866,0.009382184594869614,-0.005002114921808243
150,5.0025,-0.019876275211572647,left_box_47,4.292827725294046e-06,0.23788346350193024,0.23788678646087646,0.005080692935734987,0.0022952703293412924,0.0,0.002212774008512497,0.019195090979337692,-0.010392952710390091,-0.019876275211572647,0.024254631251096725,0.03682858869433403,0.00959772989153862,-0.004812438040971756
151,5.035850000000001,-0.019894514232873917,left_box_47,4.602776698447997e-06,0.2401486039161682,0.24015218019485474,0.06792785227298737,0.03285493701696396,0.0,0.00350010022521019,0.020873170346021652,-0.009139377623796463,-0.019894514232873917,0.02735481783747673,0.0399569533765316,0.01249546930193901,-0.0022531934082508087
152,5.0692,-0.019551772624254227,left_box_47,4.479628842091188e-06,0.24242237210273743,0.24242587387561798,0.06817672401666641,0.03591961786150932,0.0,0.0049202702939510345,0.022654231637716293,-0.007771197706460953,-0.019551772624254227,0.030386995524168015,0.043027590960264206,0.015325631946325302,0.00026471540331840515
153,5.102550000000001,-0.01912016049027443,left_box_47,4.457714112504618e-06,0.24470415711402893,0.24470749497413635,0.06841442734003067,0.03899100050330162,0.0,0.006472181528806686,0.024536889046430588,-0.0062892623245716095,-0.01912016049027443,0.033348869532346725,0.04603823646903038,0.01808634027838707,0.0027395598590373993
154,5.1359,-0.017672035843133926,left_box_47,4.364087999420008e-06,0.24699321389198303,0.24699658155441284,0.06863828003406525,0.04205389320850372,0.0,0.008154090493917465,0.02651926502585411,-0.004694897681474686,-0.017672035843133926,0.03623836860060692,0.048986684530973434,0.020775895565748215,0.005169849842786789
155,5.169250000000001,-0.016105715185403824,left_box_47,4.6442164602922276e-06,0.24928882718086243,0.24929234385490417,0.0688384547829628,0.04509355127811432,0.0,0.00996367260813713,0.028599020093679428,-0.0029900260269641876,-0.016105715185403824,0.03905385360121727,0.0518711619079113,0.023393061012029648,0.007554288953542709
156,5.2026,-0.014423001557588577,left_box_47,4.615687430487014e-06,0.25159066915512085,0.2515941858291626,0.06902075558900833,0.048111315816640854,0.0,0.011898498982191086,0.030773799866437912,-0.0011764951050281525,-0.014423001557588577,0.041794564574956894,0.0546906404197216,0.02593749389052391,0.009892474859952927
157,5.235950000000001,-0.012626949697732925,left_box_47,4.5915467126178555e-06,0.25389766693115234,0.2539011240005493,0.06917355954647064,0.0510718859732151,0.0,0.01395481452345848,0.03304017707705498,0.0007425956428050995,-0.012626949697732925,0.044459324330091476,0.057443808764219284,0.028408434242010117,0.01218339428305626
158,5.2693,-0.010720331221818924,left_box_47,4.37566723121563e-06,0.2562093734741211,0.2562127411365509,0.06931386142969131,0.05398464947938919,0.0,0.01612911745905876,0.03539491817355156,0.0027644895017147064,-0.010720331221818924,0.047048117965459824,0.060130100697278976,0.03080620989203453,0.014427106827497482
159,5.302650000000001,-0.008707184344530106,left_box_47,4.606171842169715e-06,0.25852471590042114,0.2585282623767853,0.06943092495203018,0.05681341513991356,0.0,0.018416639417409897,0.0378338061273098,0.004885178059339523,-0.008707184344530106,0.04956060275435448,0.06274895370006561,0.033130940049886703,0.01662323996424675
160,5.336,-0.006591398268938065,left_box_47,4.404799256008118e-06,0.2608429193496704,0.2608463764190674,0.06950867176055908,0.05956309288740158,0.0,0.020812567323446274,0.04035262390971184,0.00710078701376915,-0.006591398268938065,0.05199713632464409,0.06530027091503143,0.03538338467478752,0.018772047013044357
161,5.369350000000001,-0.004377443343400955,left_box_47,4.46004378318321e-06,0.2631632685661316,0.26316672563552856,0.06957568973302841,0.0622175969183445,0.0,0.02331162616610527,0.04294682666659355,0.00940699502825737,-0.004377443343400955,0.05435864254832268,0.06778441369533539,0.037564825266599655,0.020874153822660446
162,5.402700000000001,-0.0020699985325336456,left_box_47,4.4257703848415986e-06,0.26548486948013306,0.26548829674720764,0.06961233168840408,0.06476933509111404,0.0,0.025908108800649643,0.04561149701476097,0.011799108237028122,-0.0020699985325336456,0.05664611980319023,0.07020188868045807,0.03967667743563652,0.02293023094534874
163,5.436050000000001,0.00032512471079826355,left_box_47,4.612866177922115e-06,0.26780641078948975,0.26781007647514343,0.0696185827255249,0.06718703359365463,0.0,0.028595294803380966,0.04834086820483208,0.014271494001150131,0.00032512471079826355,0.05886058136820793,0.07255308330059052,0.04172034189105034,0.02494087442755699
164,5.469400000000001,0.002802859991788864,left_box_47,4.464659014047356e-06,0.27012741565704346,0.27013087272644043,0.06958909332752228,0.06949213147163391,0.0,0.03136707469820976,0.05112985894083977,0.01681920513510704,0.002802859991788864,0.061004262417554855,0.07483963668346405,0.04369841143488884,0.0269077830016613
165,5.502750000000001,0.005356859415769577,left_box_47,4.592411187331891e-06,0.2724464535713196,0.2724500000476837,0.06953905522823334,0.07164621353149414,0.0,0.03421604260802269,0.05397222563624382,0.019436027854681015,0.005356859415769577,0.06307868659496307,0.07706235349178314,0.04561277851462364,0.02883182093501091
166,5.536100000000001,0.007981415838003159,left_box_47,4.4608650568989106e-06,0.27476298809051514,0.27476638555526733,0.06945683807134628,0.07366758584976196,0.0,0.03713540360331535,0.05686233565211296,0.02211644873023033,0.007981415838003159,0.06508670747280121,0.0792233794927597,0.04746664687991142,0.030715133994817734
167,5.569450000000001,0.010669346898794174,left_box_47,4.605085905495798e-06,0.2770754098892212,0.27707892656326294,0.06934156268835068,0.07551291584968567,0.0,0.04011697694659233,0.05979333445429802,0.024853479117155075,0.010669346898794174,0.06703038513660431,0.08132405579090118,0.0492624007165432,0.032558929175138474
168,5.602800000000001,0.013414692133665085,left_box_47,4.7111775529629085e-06,0.27938318252563477,0.2793866991996765,0.06919858604669571,0.07721705734729767,0.0,0.04315358027815819,0.0627593845129013,0.027641352266073227,0.013414692133665085,0.06891302764415741,0.08336694538593292,0.05100361630320549,0.0343656949698925
169,5.636150000000001,0.016210000962018967,left_box_47,4.731802619062364e-06,0.28168487548828125,0.2816883325576782,0.06901449710130692,0.07873532176017761,0.0,0.046236734837293625,0.06575344502925873,0.030472826212644577,0.016210000962018967,0.07073740661144257,0.08535398542881012,0.052693527191877365,0.036137234419584274
170,5.669500000000001,0.019048582762479782,left_box_47,4.816885393665871e-06,0.2839796543121338,0.28398314118385315,0.0688098594546318,0.08008871227502823,0.0,0.049358587712049484,0.06876911222934723,0.03334146365523338,0.019048582762479782,0.07250715792179108,0.08728794753551483,0.05433584377169609,0.03787606582045555
171,5.702850000000001,0.021923106163740158,left_box_47,4.6078725972620305e-06,0.2862662672996521,0.2862696349620819,0.06856053322553635,0.08125757426023483,0.0,0.05251071974635124,0.07179950177669525,0.03624015673995018,0.021923106163740158,0.07422555983066559,0.0891713947057724,0.05593426153063774,0.039584528654813766
172,5.736200000000001,0.024825941771268845,left_box_47,4.674273441196419e-06,0.28854334354400635,0.28854677081108093,0.0682799369096756,0.08223162591457367,0.0,0.055684369057416916,0.07483752071857452,0.039161574095487595,0.024825941771268845,0.07589618861675262,0.09100697934627533,0.05749250575900078,0.041264887899160385
173,5.769550000000001,0.027750294655561447,left_box_47,4.634806373360334e-06,0.290810227394104,0.2908135652542114,0.06796985119581223,0.08303409814834595,0.0,0.058871638029813766,0.07787682116031647,0.042099129408597946,0.027750294655561447,0.07752327620983124,0.09279809892177582,0.059015076607465744,0.042920272797346115
174,5.802900000000001,0.030688386410474777,left_box_47,4.864775746682426e-06,0.29306548833847046,0.29306888580322266,0.06762580573558807,0.08363371342420578,0.0,0.062063734978437424,0.08091022074222565,0.0450454019010067,0.030688386410474777,0.07911060750484467,0.09454770386219025,0.060505907982587814,0.044553156942129135
175,5.836250000000001,0.03363315388560295,left_box_47,4.70614077130449e-06,0.2953081727027893,0.2953115701675415,0.06724691390991211,0.08405014127492905,0.0,0.06525249779224396,0.08393122255802155,0.047993581742048264,0.03363315388560295,0.08066235482692719,0.09625913202762604,0.061969440430402756,0.046166520565748215
176,5.869600000000001,0.036576878279447556,left_box_47,4.775039087689947e-06,0.2975368797779083,0.2975403070449829,0.06682869791984558,0.08426327258348465,0.0,0.06842921674251556,0.08693282306194305,0.05093620344996452,0.036576878279447556,0.08218248188495636,0.09793545305728912,0.06340964138507843,0.047762881964445114
177,5.902950000000001,0.03951292857527733,left_box_47,4.874616024608258e-06,0.29975101351737976,0.2997543215751648,0.06638724356889725,0.08430080860853195,0.0,0.0715862363576889,0.08990906178951263,0.05386699363589287,0.03951292857527733,0.08367575705051422,0.09958066046237946,0.06483148038387299,0.049345728009939194
178,5.936300000000001,0.04243355616927147,left_box_47,4.8376377890235744e-06,0.3019489049911499,0.3019520044326782,0.06589753925800323,0.08413012325763702,0.0,0.07471488416194916,0.09285278618335724,0.0567784421145916,0.04243355616927147,0.08514587581157684,0.10119758546352386,0.06623874604701996,0.050917427986860275
179,5.969650000000001,0.04533198103308678,left_box_47,4.5864999265177175e-06,0.3041296601295471,0.30413269996643066,0.06538817286491394,0.08377625048160553,0.0,0.07780753076076508,0.0957580953836441,0.05966414138674736,0.04533198103308678,0.08659733831882477,0.10278995335102081,0.06763596832752228,0.05248100683093071
180,6.003000000000001,0.048201169818639755,left_box_47,4.776611149281962e-06,0.3062920570373535,0.3062952160835266,0.0648430660367012,0.08323024958372116,0.0,0.0808563083410263,0.09861870110034943,0.06251730024814606,0.048201169818639755,0.08803428709506989,0.10436110198497772,0.06902731955051422,0.054039280861616135
181,6.0363500000000005,0.051034580916166306,left_box_47,5.048089406045619e-06,0.30843502283096313,0.3084382712841034,0.06425952911376953,0.08250372856855392,0.0,0.08385388553142548,0.10142885148525238,0.06533174216747284,0.051034580916166306,0.08946095407009125,0.10591451823711395,0.07041700184345245,0.05559499189257622
182,6.069700000000001,0.053825926035642624,left_box_47,5.070596216683043e-06,0.31055766344070435,0.31056079268455505,0.06364382058382034,0.0816020667552948,0.0,0.0867931991815567,0.10418309271335602,0.0681014209985733,0.053825926035642624,0.09088157117366791,0.10745377838611603,0.0718093067407608,0.057151149958372116
183,6.1030500000000005,0.056569021195173264,left_box_47,4.81506413052557e-06,0.3126588463783264,0.31266188621520996,0.06300130486488342,0.08052614331245422,0.0,0.08966739475727081,0.10687603056430817,0.07082049548625946,0.056569021195173264,0.0923001617193222,0.10898222029209137,0.07320825755596161,0.05871034786105156
184,6.136400000000001,0.05925769731402397,left_box_47,4.9817649596661795e-06,0.31473737955093384,0.31474053859710693,0.062328409403562546,0.07927417755126953,0.0,0.09246976673603058,0.10950236022472382,0.07348306477069855,0.05925769731402397,0.09372051060199738,0.1105029433965683,0.07461737096309662,0.06027496978640556
185,6.1697500000000005,0.06184149906039238,right_box_53,5.115313342685113e-06,0.3167925477027893,0.3167956471443176,0.06162244826555252,0.046198513358831406,0.0,0.0951884537935257,0.11205418407917023,0.07608424127101898,0.06188056990504265,0.09514044225215912,0.11201576888561249,0.07604070007801056,0.06184149906039238
186,6.203100000000001,0.06313623487949371,right_box_53,0.0,0.31863826513290405,0.31863826513290405,0.05525091663002968,0.0425712987780571,0.0,0.0974506288766861,0.11422757804393768,0.07838968932628632,0.06406976282596588,0.09630285203456879,0.1133093386888504,0.07734869420528412,0.06313623487949371
