frame,time_s,proxy_left_clearance_m,proxy_right_clearance_m,proxy_gripper_center_clearance_m,proxy_finger_span_clearance_m,actual_left_finger_box_clearance_m,actual_right_finger_box_clearance_m,actual_any_finger_box_clearance_m,actual_left_tip_box_clearance_m,actual_right_tip_box_clearance_m,rope_com_xy_displacement_m,rope_mid_mean_displacement_m
0,0.0,0.08783169794641435,0.10606429684720933,0.09601073670946061,0.08783169794641435,0.06416437774896622,0.09520956873893738,0.06416437774896622,0.06416437774896622,0.09520956873893738,0.0,0.0
1,0.033350000000000005,0.0878691073115915,0.10599020827375352,0.09596047509275377,0.0878691073115915,0.06423550844192505,0.0951538160443306,0.06423550844192505,0.06423550844192505,0.0951538160443306,0.00012052399688400328,9.038867574417964e-05
2,0.06670000000000001,0.08789587724767625,0.10591723728738725,0.0959100048597902,0.08789587724767625,0.06430725753307343,0.09511212259531021,0.06430725753307343,0.06430725753307343,0.09511212259531021,0.0002750430430751294,0.00018072706006933004
3,0.10005000000000001,0.08793018717132509,0.10585064399801195,0.09586475003324449,0.08793018717132509,0.06438906490802765,0.09508853405714035,0.06438906490802765,0.06438906490802765,0.09508853405714035,0.0004368313238956034,0.0002702882920857519
4,0.13340000000000002,0.08797723013721406,0.10578726935945451,0.09582254994474351,0.08797723013721406,0.06447597593069077,0.09505902975797653,0.06447597593069077,0.06447597593069077,0.09505902975797653,0.000576935475692153,0.0003573551948647946
5,0.16675,0.08802700746618211,0.10572501230798662,0.09578133333288133,0.08802700746618211,0.06455478072166443,0.09502162039279938,0.06455478072166443,0.06455478072166443,0.09502162039279938,0.0006879742722958326,0.00043969645048491657
6,0.20010000000000003,0.0880810316260904,0.10565891075693071,0.09573721099458635,0.0880810316260904,0.06463118642568588,0.09497738629579544,0.06463118642568588,0.06463118642568588,0.09497738629579544,0.0007771286182105541,0.0005189593066461384
7,0.23345000000000005,0.08818791765533388,0.10559799480997026,0.09569563675485551,0.08818791765533388,0.06474819779396057,0.09493157267570496,0.06474819779396057,0.06474819779396057,0.09493157267570496,0.0008553378866054118,0.0005935679073445499
8,0.26680000000000004,0.08825432468019426,0.10554087865911424,0.09565638709627092,0.08825432468019426,0.06482544541358948,0.09488770365715027,0.06482544541358948,0.06482544541358948,0.09488770365715027,0.0009199455380439758,0.0006624243687838316
9,0.30015000000000003,0.08833702612482011,0.10548519301973283,0.09561831462942064,0.08833702612482011,0.0649186447262764,0.09484415501356125,0.0649186447262764,0.0649186447262764,0.09484415501356125,0.0009859611745923758,0.0007344134501181543
10,0.3335,0.08840472210012376,0.10543268132768571,0.09558359492383897,0.08840472210012376,0.06500161439180374,0.09480653703212738,0.06500161439180374,0.06500161439180374,0.09480653703212738,0.0010593512561172247,0.000805951131042093
11,0.36685000000000006,0.0884537990745157,0.1053820918854326,0.09555115509591997,0.0884537990745157,0.0650712251663208,0.09477293491363525,0.0650712251663208,0.0650712251663208,0.09477293491363525,0.0011318756733089685,0.0008746019448153675
12,0.40020000000000006,0.08850841928087175,0.10533415484987199,0.09552106965146959,0.08850841928087175,0.06514620780944824,0.09473979473114014,0.06514620780944824,0.06514620780944824,0.09473979473114014,0.0012025815667584538,0.0009398837573826313
13,0.43355000000000005,0.08851643610559404,0.10528465319238603,0.09548950899206102,0.08851643610559404,0.06517866998910904,0.094708651304245,0.06517866998910904,0.06517866998910904,0.094708651304245,0.001270161010324955,0.0010076080216094851
14,0.4669000000000001,0.0886475439723581,0.10523880231939256,0.09546091366373002,0.0886475439723581,0.06531347334384918,0.09467180073261261,0.06531347334384918,0.06531347334384918,0.09467180073261261,0.0013250184711068869,0.0010696748504415154
15,0.5002500000000001,0.08873920846544206,0.10519080567918718,0.09543467271886766,0.08873920846544206,0.06541264057159424,0.09463789314031601,0.06541264057159424,0.06541264057159424,0.09463789314031601,0.0013752371305599809,0.001136182458139956
16,0.5336000000000001,0.08878602791391313,0.10514590848051011,0.09541024971567094,0.08878602791391313,0.06543692946434021,0.09460841119289398,0.06543692946434021,0.06543692946434021,0.09460841119289398,0.0014206916093826294,0.001201351871713996
17,0.5669500000000001,0.08882614929042756,0.10509403753839433,0.09538011956773698,0.08882614929042756,0.06547262519598007,0.09456522017717361,0.06547262519598007,0.06547262519598007,0.09456522017717361,0.0014596127439290285,0.0012712712632492185
18,0.6003000000000001,0.08885179418884218,0.10504316497407853,0.09535183716379106,0.08885179418884218,0.06550099700689316,0.09452582895755768,0.06550099700689316,0.06550099700689316,0.09452582895755768,0.001493280055001378,0.0013380794553086162
19,0.63365,0.08887182134948671,0.10499539185129106,0.09532647538743913,0.08887182134948671,0.06552011519670486,0.094490185379982,0.06552011519670486,0.06552011519670486,0.094490185379982,0.0015261006774380803,0.0014026096323505044
20,0.667,0.08888210315071046,0.10494995821081102,0.09530316997133195,0.08888210315071046,0.06553981453180313,0.0944589301943779,0.06553981453180313,0.06553981453180313,0.0944589301943779,0.0015599792823195457,0.001466144691221416
21,0.7003500000000001,0.08889471698366105,0.10490555275045335,0.09528123546205461,0.08889471698366105,0.06556349992752075,0.09442894160747528,0.06556349992752075,0.06556349992752075,0.09442894160747528,0.0015943801263347268,0.0015297746285796165
22,0.7337000000000001,0.08890826958976686,0.10486078966222703,0.09525837708078325,0.08890826958976686,0.06558772921562195,0.09439476579427719,0.06558772921562195,0.06558772921562195,0.09439476579427719,0.0016258263494819403,0.0015936157433316112
23,0.7670500000000001,0.08892155397497117,0.10481675673089921,0.09523629355989396,0.08892155397497117,0.06561111658811569,0.09436137974262238,0.06561111658811569,0.06561111658811569,0.09436137974262238,0.0016556979389861226,0.00165603740606457
24,0.8004000000000001,0.08890965539775789,0.10475035715661943,0.09519027877412736,0.08890965539775789,0.06561107933521271,0.0943092405796051,0.06561107933521271,0.06561107933521271,0.0943092405796051,0.0016856511356309056,0.0017178336856886744
25,0.8337500000000001,0.08663638640008867,0.10243850160203874,0.09276299882493913,0.08663638640008867,0.06347518414258957,0.09227312356233597,0.06347518414258957,0.06347518414258957,0.09227312356233597,0.001716273371130228,0.0017800485948100686
26,0.8671000000000001,0.08439238328300416,0.1001393716391176,0.09033485460840165,0.08439238328300416,0.06140219420194626,0.09026966989040375,0.06140219420194626,0.06140219420194626,0.09026966989040375,0.0017458706861361861,0.0018429221818223596
27,0.9004500000000001,0.08216248411498964,0.09785699058137834,0.08790993649326265,0.08216248411498964,0.059386223554611206,0.08831014484167099,0.059386223554611206,0.059386223554611206,0.08831014484167099,0.0017750088591128588,0.0019050155533477664
28,0.9338000000000002,0.07998093176446855,0.09559414494596422,0.08549110550247133,0.07998093176446855,0.05746603384613991,0.08640234172344208,0.05746603384613991,0.05746603384613991,0.08640234172344208,0.001810404472053051,0.0019662301056087017
29,0.9671500000000002,0.07779869396053254,0.09335070062242448,0.08307775068841874,0.07779869396053254,0.05560069531202316,0.08454088866710663,0.05560069531202316,0.05560069531202316,0.08454088866710663,0.001841037767007947,0.0020273246336728334
30,1.0005000000000002,0.07562242407165468,0.09112527180276811,0.08066853839717805,0.07562242407165468,0.053787123411893845,0.08272735029459,0.053787123411893845,0.053787123411893845,0.08272735029459,0.0018685576505959034,0.002089490881189704
31,1.0338500000000002,0.07346354383789003,0.08892349857650697,0.07826883304677903,0.07346354383789003,0.052020326256752014,0.08097599446773529,0.052020326256752014,0.052020326256752014,0.08097599446773529,0.0018944164039567113,0.002149986568838358
32,1.0672000000000001,0.0713385115917772,0.0867181565221399,0.07587794918380678,0.0713385115917772,0.05035935342311859,0.07928284257650375,0.05035935342311859,0.05035935342311859,0.07928284257650375,0.0019181027309969068,0.0022101104259490967
33,1.1005500000000001,0.06925015855394304,0.08448546338640153,0.07349666911922395,0.06925015855394304,0.04881639406085014,0.07757727056741714,0.04881639406085014,0.04881639406085014,0.07757727056741714,0.001941208029165864,0.0022691036574542522
34,1.1339000000000001,0.06720111477933824,0.08227694738470018,0.07112758565507829,0.06720111477933824,0.04740427806973457,0.07560549676418304,0.04740427806973457,0.04740427806973457,0.07560549676418304,0.0019642338156700134,0.0023267322685569525
35,1.1672500000000001,0.06519518751464784,0.08009434450231492,0.06877218890748918,0.06519518751464784,0.04613746702671051,0.07368703931570053,0.04613746702671051,0.04613746702671051,0.07368703931570053,0.0019878000020980835,0.002383033512160182
36,1.2006000000000001,0.06323685455881059,0.07793945032916963,0.06643151450715959,0.06323685455881059,0.04502926394343376,0.07182994484901428,0.04502926394343376,0.04502926394343376,0.07182994484901428,0.0020114025101065636,0.002437217626720667
37,1.23395,0.06132992315851152,0.07581455219350755,0.06410857993923127,0.06132992315851152,0.04409269988536835,0.07003588229417801,0.04409269988536835,0.04409269988536835,0.07003588229417801,0.0020349540282040834,0.0024901211727410555
38,1.2673,0.05947811115346849,0.07372088689170778,0.06180454004369676,0.05947811115346849,0.04334001615643501,0.06830883771181107,0.04334001615643501,0.04334001615643501,0.06830883771181107,0.0020579949487000704,0.0025420766323804855
39,1.30065,0.057685941046103834,0.07166080880723893,0.059521689599379896,0.057685941046103834,0.042782071977853775,0.06665374338626862,0.042782071977853775,0.042782071977853775,0.06665374338626862,0.002081310609355569,0.002593106823042035
40,1.334,0.055632441824302076,0.06963689584098756,0.05726262885890901,0.055632441824302076,0.0424274206161499,0.06507643312215805,0.0424274206161499,0.0424274206161499,0.06507643312215805,0.0021044970490038395,0.002643239451572299
41,1.3673500000000003,0.05356605309806764,0.0675298641975969,0.055029257720336316,0.05356605309806764,0.04228151589632034,0.06358262896537781,0.04228151589632034,0.04228151589632034,0.06358262896537781,0.00212754774838686,0.002692515030503273
42,1.4007000000000003,0.05154510546289384,0.06544229347072542,0.052823781555518506,0.05154510546289384,0.04163867235183716,0.062177158892154694,0.04163867235183716,0.04163867235183716,0.062177158892154694,0.0021502035669982433,0.002740945667028427
43,1.4340500000000003,0.04957418102584779,0.06338764685951173,0.050648465340957044,0.04957418102584779,0.0408678762614727,0.0608639121055603,0.0408678762614727,0.0408678762614727,0.0608639121055603,0.0021723415702581406,0.0027882514987140894
44,1.4674000000000003,0.04765859950147569,0.06137157190404832,0.04850733239017427,0.04739915538392961,0.04029674082994461,0.05965188890695572,0.04029674082994461,0.04029674082994461,0.05965188890695572,0.002193543128669262,0.0028351640794426203
45,1.5007500000000003,0.045800283139571546,0.05939786840043962,0.046403422540053724,0.045220307594165204,0.039933495223522186,0.05854901671409607,0.039933495223522186,0.039933495223522186,0.05854901671409607,0.0022147074341773987,0.002881214953958988
46,1.5341000000000002,0.04400477517209947,0.05746892798505723,0.04434082615934312,0.043075695222243665,0.03978452831506729,0.05755990743637085,0.03978452831506729,0.03978452831506729,0.05755990743637085,0.002235598862171173,0.002926276996731758
47,1.5674500000000002,0.04227736551128328,0.055587492471560834,0.042322374468669294,0.04096784401498735,0.039852965623140335,0.05669032037258148,0.039852965623140335,0.039852965623140335,0.05669032037258148,0.002256556414067745,0.0029706561472266912
48,1.6008000000000002,0.04053395200334489,0.05375707108341157,0.040352485662326215,0.038900717681273816,0.04013894498348236,0.05594543367624283,0.04013894498348236,0.04013894498348236,0.05594543367624283,0.0022776443511247635,0.003014560556039214
49,1.6341500000000002,0.03883890021406114,0.05197821516357362,0.03843434858880937,0.03687681216560304,0.04063839465379715,0.05532659962773323,0.04063839465379715,0.04063839465379715,0.05532659962773323,0.002298512728884816,0.0030587685760110617
50,1.6675000000000002,0.03722183365188539,0.050254396682605146,0.03657241124473512,0.034899942165240644,0.041332222521305084,0.05483780801296234,0.041332222521305084,0.041332222521305084,0.05483780801296234,0.002318484243005514,0.003103397088125348
51,1.7008500000000002,0.0356876846011728,0.04859526414237916,0.03477226156555116,0.03297663438878953,0.04207918420433998,0.05449024587869644,0.04207918420433998,0.04207918420433998,0.05449024587869644,0.002339121652767062,0.003146757371723652
52,1.7342000000000002,0.03424293506704271,0.046999357229098676,0.03303857851587236,0.03111022669635713,0.0426824726164341,0.05424526706337929,0.0426824726164341,0.0426824726164341,0.05424526706337929,0.0023594736121594906,0.0031900955364108086
53,1.7675500000000002,0.032893046325072645,0.045350029652938245,0.031376488095149396,0.029304712599143384,0.043026939034461975,0.05403430759906769,0.043026939034461975,0.043026939034461975,0.05403430759906769,0.002378277014940977,0.003233722411096096
54,1.8009000000000002,0.03164287615381181,0.043678104465827344,0.029791563337668775,0.027567334061488508,0.04338602349162102,0.05386178195476532,0.04338602349162102,0.04338602349162102,0.05386178195476532,0.0023971188347786665,0.0032763483468443155
55,1.8342500000000002,0.029955505913123487,0.042070164864882825,0.02819337654672563,0.02590160403214395,0.04371228814125061,0.05372041091322899,0.04371228814125061,0.04377061128616333,0.05372041091322899,0.0024147448129951954,0.0033198485616594553
56,1.8676000000000004,0.028330646043643354,0.04053759533725679,0.02657519612275064,0.024316809659823774,0.04332264885306358,0.053618174046278,0.04332264885306358,0.044295504689216614,0.053618174046278,0.002432184526696801,0.003362068207934499
57,1.9009500000000004,0.026783227508887647,0.03908020961843431,0.025040920412167905,0.022817760294303296,0.04311830550432205,0.05355008691549301,0.04311830550432205,0.044773902744054794,0.05355008691549301,0.0024498857092112303,0.0034042608458548784
58,1.9343000000000004,0.025320406591519712,0.0377037893589586,0.023598171358928083,0.021411943769082425,0.04310015216469765,0.05351704731583595,0.04310015216469765,0.04489201307296753,0.05351704731583595,0.0024676311295479536,0.003446107031777501
59,1.9676500000000003,0.023947808479890226,0.03641153830848634,0.02225315157137811,0.020106039529666303,0.04326699674129486,0.053519900888204575,0.04326699674129486,0.04501257464289665,0.053519900888204575,0.002484549768269062,0.0034879238810390234
60,2.0010000000000003,0.02267223555408418,0.03520890284143388,0.021012700682505964,0.018906548207625745,0.043616075068712234,0.05362823233008385,0.043616075068712234,0.04475000128149986,0.05362823233008385,0.0025012476835399866,0.0035297630820423365
61,2.0343500000000003,0.021504778003320096,0.034104302113875745,0.01988706696592271,0.017823956495150922,0.04408028721809387,0.05387820303440094,0.04408028721809387,0.044510915875434875,0.05387820303440094,0.0025181497912853956,0.0035711878444999456
62,2.0677000000000003,0.02044956717453897,0.03309825021587312,0.01880384195409715,0.016863740568980573,0.04376836121082306,0.054264556616544724,0.04376836121082306,0.04430020973086357,0.054264556616544724,0.0025355026591569185,0.0036126982886344194
63,2.1010500000000003,0.019510525798425077,0.03219498652778566,0.017783179467543958,0.0158859040196985,0.042869795113801956,0.05478304997086525,0.042869795113801956,0.04421917721629143,0.05478304997086525,0.0025525656528770924,0.0036536187399178743
64,2.1344000000000003,0.018694642519578336,0.03139628428779542,0.016369517480954526,0.014956976806744932,0.042117390781641006,0.05542892590165138,0.042117390781641006,0.04430367797613144,0.05542892590165138,0.0025686873123049736,0.003694514511153102
65,2.1677500000000003,0.018005329703912137,0.030707597320899366,0.015004127806052564,0.014156732296571134,0.04151586443185806,0.056198302656412125,0.04151586443185806,0.0445525161921978,0.056198302656412125,0.0025843163020908833,0.0037359034176915884
66,2.2011000000000003,0.01747075427137315,0.03010551590286195,0.01377294543944299,0.013496845548972486,0.041098691523075104,0.05667704716324806,0.041098691523075104,0.04494514316320419,0.05700521171092987,0.002600054256618023,0.003776269732043147
67,2.2344500000000003,0.017505108898505567,0.02867770898900926,0.012989244943484662,0.012881408965215085,0.041348014026880264,0.055182501673698425,0.041348014026880264,0.04484377056360245,0.05534471571445465,0.0026153831277042627,0.0038162663113325834
68,2.2678000000000003,0.017545833772048353,0.0272602360304445,0.01222367171011865,0.012216917758807538,0.04161105677485466,0.053677767515182495,0.04161105677485466,0.04474719613790512,0.053677767515182495,0.0026299741584807634,0.0038558777887374163
69,2.3011500000000003,0.017593185937032102,0.025855481212958692,0.011478304451331495,0.011475696748122571,0.04188757762312889,0.0520063154399395,0.04188757762312889,0.04465509206056595,0.0520063154399395,0.0026444527320563793,0.003894846187904477
70,2.3345000000000002,0.017647478317841886,0.024465657358989118,0.010755646562203763,0.010722145026549695,0.04217756167054176,0.050330985337495804,0.04217756167054176,0.04456726089119911,0.050330985337495804,0.002658901968970895,0.003933561034500599
71,2.3678500000000002,0.01770748901925981,0.023092645740136503,0.010056271737441419,0.009957875644788144,0.04247923940420151,0.04865274950861931,0.04247923940420151,0.0444827564060688,0.04865274950861931,0.0026733316481113434,0.003971841651946306
72,2.4012000000000002,0.017773009425029157,0.02173977676592767,0.009382761603221296,0.00918673682771623,0.042791832238435745,0.0469730868935585,0.042791832238435745,0.04440169781446457,0.0469730868935585,0.002687448402866721,0.004009798634797335
73,2.43455,0.017843421136960386,0.020408745443448423,0.008714142775163053,0.00841069552861154,0.043114472180604935,0.04529307410120964,0.043114472180604935,0.04432306066155434,0.04529307410120964,0.0027012729551643133,0.0040473476983606815
74,2.4679,0.017918750232085584,0.019102811401709913,0.007796860819682477,0.007632728254422544,0.043446410447359085,0.04361420497298241,0.043446410447359085,0.0442468523979187,0.04361420497298241,0.0027152320835739374,0.004084805492311716
75,2.50125,0.01799822930060327,0.017824839388951658,0.006896733826026319,0.006857674157246946,0.04378674179315567,0.04193819686770439,0.04193819686770439,0.04417289420962334,0.04193819686770439,0.002728876890614629,0.004122080747038126
76,2.5346,0.01808256242237985,0.01657923269830644,0.006016373222693799,0.006015371119603513,0.044101156294345856,0.040266964584589005,0.040266964584589005,0.044101156294345856,0.040266964584589005,0.0027423130813986063,0.004159194882959127
77,2.56795,0.018170609658583997,0.015369664466008542,0.005157418137416242,0.00513148266635835,0.04403078928589821,0.038603197783231735,0.038603197783231735,0.04403078928589821,0.038603197783231735,0.002755720866844058,0.004196056630462408
78,2.6013,0.018261663204059003,0.014200068598613141,0.004250287597998975,0.0042381692286580785,0.04396183788776398,0.03694995120167732,0.03694995120167732,0.04396183788776398,0.03694995120167732,0.0027688080444931984,0.004232692066580057
79,2.63465,0.018355734234675763,0.013075593447312711,0.003354597425088285,0.0033392715808004125,0.04389441758394241,0.03530983626842499,0.03530983626842499,0.04389441758394241,0.03530983626842499,0.0027815867215394974,0.00426888931542635
80,2.668,0.018453754073008893,0.01169026601873338,0.00248325947485864,0.0024385261889547094,0.043828099966049194,0.033663708716630936,0.033663708716630936,0.043828099966049194,0.033663708716630936,0.0027945952024310827,0.004304688423871994
81,2.7013500000000006,0.018554888254031537,0.00994921434484422,0.0016389000769704565,0.0015222984906285986,0.04376249015331268,0.032006509602069855,0.032006509602069855,0.04376249015331268,0.032006509602069855,0.0028072793502360582,0.004340438637882471
82,2.7347000000000006,0.018659159129485486,0.00822264659963548,0.0008240896817296728,0.0006041895207017645,0.04369726777076721,0.030373554676771164,0.030373554676771164,0.04369726777076721,0.030373554676771164,0.0028199132066220045,0.00437593087553978
83,2.7680500000000006,0.01876618299447,0.0065152044948190435,4.173774085938775e-05,-0.00029220473207533515,0.04363257437944412,0.028514748439192772,0.028514748439192772,0.04363257437944412,0.02877131476998329,0.0028325309976935387,0.004411219619214535
84,2.8014000000000006,0.018876630401238798,0.004831768160685895,-0.0007041547838598505,-0.0011822548154741541,0.04356899857521057,0.026652557775378227,0.026652557775378227,0.04356899857521057,0.027206281200051308,0.0028449958190321922,0.004446279723197222
85,2.8347500000000005,0.01898992392979562,0.003177284782752393,-0.0014107231441885248,-0.002059560680761935,0.04350585862994194,0.024823997169733047,0.024823997169733047,0.04350585862994194,0.025687702000141144,0.0028575933538377285,0.004481196869164705
86,2.8681000000000005,0.019105277543887494,0.0015580501016229376,-0.0020745028201490656,-0.0029141944292932764,0.04344255477190018,0.02303943783044815,0.02303943783044815,0.04344255477190018,0.02411552704870701,0.0028699925169348717,0.004515795968472958
87,2.9014500000000005,0.019223987644538282,-1.7401242628695135e-05,-0.0026908073965460078,-0.0037387427333742396,0.04337996616959572,0.021313108503818512,0.021313108503818512,0.04337996616959572,0.022529225796461105,0.002882269909605384,0.004550253506749868
88,2.9348000000000005,0.01934497017227113,-0.0015417937580496088,-0.003438514137640597,-0.004526665845885874,0.043316733092069626,0.01966046914458275,0.01966046914458275,0.043316733092069626,0.021004483103752136,0.0028943910729140043,0.004584521520882845
89,2.9681500000000005,0.01946849334798753,-0.0030039478484541193,-0.004204921836033465,-0.005269481280818583,0.04325390234589577,0.018080076202750206,0.018080076202750206,0.04325390234589577,0.01950937509536743,0.002906298264861107,0.004618586506694555
90,3.0015000000000005,0.019593841915950178,-0.00439467508532107,-0.004925219753757121,-0.005959591308608653,0.04319107159972191,0.016282958909869194,0.016282958909869194,0.04319107159972191,0.017750436440110207,0.002918039681389928,0.004652184899896383
91,3.0348500000000005,0.01938459608517587,-0.005698146710172297,-0.005593534970656039,-0.006587731132283808,0.043128516525030136,0.014160959050059319,0.014160959050059319,0.043128516525030136,0.016052452847361565,0.0029297189321368933,0.004685698077082634
92,3.0682000000000005,0.01914355490170419,-0.006900372395291926,-0.006204724723473193,-0.007214663961902262,0.04306674376130104,0.01203715056180954,0.01203715056180954,0.04306674376130104,0.014438247308135033,0.0029413297306746244,0.004719004034996033
93,3.1015500000000005,0.018904245978221296,-0.007985148990526797,-0.006754275823011996,-0.007985148990526797,0.04300571233034134,0.009913583286106586,0.009913583286106586,0.04300571233034134,0.012938356958329678,0.002952840179204941,0.004752117209136486
94,3.1349000000000005,0.01866629678569734,-0.008935362512245776,-0.007237378919497134,-0.008935362512245776,0.04294159635901451,0.0077941883355379105,0.0077941883355379105,0.04294159635901451,0.011417425237596035,0.002964223502203822,0.004785034339874983
95,3.1682500000000005,0.018430400228127836,-0.009731661939993502,-0.007648716161027552,-0.009731661939993502,0.04287011921405792,0.00568754319101572,0.00568754319101572,0.04287011921405792,0.009806398302316666,0.0029751958791166544,0.0048177423886954784
96,3.2016000000000004,0.018196947460994123,-0.010357797557488085,-0.007982679123058917,-0.010357797557488085,0.04279099404811859,0.0036112123634666204,0.0036112123634666204,0.04279099404811859,0.008380068466067314,0.002986316103488207,0.004850077908486128
97,3.2349500000000004,0.017965014612302183,-0.011021873394027354,-0.008235883379355075,-0.011021873394027354,0.042702969163656235,0.001620137831196189,0.001620137831196189,0.042702969163656235,0.007226916961371899,0.0029974791686981916,0.004882301203906536
98,3.2683000000000004,0.01773577887378633,-0.011661703178659083,-0.008403640652075411,-0.011661703178659083,0.0426066592335701,-3.007659688591957e-05,-3.007659688591957e-05,0.0426066592335701,0.006459532305598259,0.0030082929879426956,0.004914361983537674
99,3.3016500000000004,0.017509202992543577,-0.01198732894100249,-0.008482696900144221,-0.01198732894100249,0.042502179741859436,-0.0011692129774019122,-0.0011692129774019122,0.042502179741859436,0.006162918172776699,0.0030316943302750587,0.004967299290001392
100,3.3350000000000004,0.017296798115596174,-0.012034740710631014,-0.008451706210151316,-0.012034740710631014,0.04238570109009743,-0.0009207113180309534,-0.0009207113180309534,0.04238570109009743,0.005385467782616615,0.003098262008279562,0.005096925888210535
101,3.3683500000000004,0.017138685619458555,-0.0118950236979872,-0.008320261204615237,-0.0118950236979872,0.042135462164878845,-0.0015899615827947855,-0.0015899615827947855,0.042135462164878845,0.0040372759103775024,0.0032294588163495064,0.005209244322031736
102,3.4017000000000004,0.016917947268113492,-0.011581676492467524,-0.008122668081894518,-0.011581676492467524,0.041835151612758636,-0.001921067014336586,-0.001921067014336586,0.041835151612758636,0.00344816199503839,0.003468824550509453,0.005540056154131889
103,3.4350500000000004,0.016765225267037748,-0.011288155281916262,-0.007775994429364802,-0.011288155281916262,0.04159212112426758,-0.00207011797465384,-0.00207011797465384,0.04159212112426758,0.0025190699379891157,0.003929021768271923,0.006080001592636108
104,3.4684000000000004,0.01667816895805299,-0.01091269817389548,-0.007301703507080676,-0.01091269817389548,0.04140568897128105,-0.0023351500276476145,-0.0023351500276476145,0.04140568897128105,0.001504633342847228,0.004458059091120958,0.006559822708368301
105,3.5017500000000004,0.016568272894248365,-0.010464150870218875,-0.006664133111014964,-0.010464150870218875,0.041195549070835114,-0.0025199002120643854,-0.0025199002120643854,0.041195549070835114,0.0006301722023636103,0.005151011515408754,0.0072922129184007645
106,3.5351000000000004,0.016435477470979093,-0.009725464919582011,-0.006206218564882876,-0.009725464919582011,0.040872201323509216,-0.0022590153384953737,-0.0022590153384953737,0.040872201323509216,0.00015457067638635635,0.006273242644965649,0.008402475155889988
107,3.5684500000000003,0.016639478093013166,-0.00921894837357104,-0.005025171155110003,-0.00921894837357104,0.04095279425382614,-0.0022394799161702394,-0.0022394799161702394,0.04095279425382614,-0.00023676338605582714,0.007334088906645775,0.009132232517004013
108,3.6018000000000003,0.016786425894126294,-0.008988641614094378,-0.004051611239090563,-0.008988641614094378,0.04077024757862091,-0.0023519706446677446,-0.0023519706446677446,0.04077024757862091,-0.000613063108175993,0.008034652099013329,0.009555011987686157
109,3.6351500000000003,0.01665363792143762,-0.008753659615293147,-0.0031544309500604883,-0.008753661477938296,0.040362387895584106,-0.002376267919316888,-0.002376267919316888,0.040362387895584106,-0.0006915463600307703,0.008809379301965237,0.010026187635958195
110,3.6685000000000003,0.016695640569552778,-0.008096272537484767,-0.002111353391781451,-0.008096272537484767,0.04004596918821335,-0.002470568986609578,-0.002470568986609578,0.04004596918821335,-0.0009075927082449198,0.00971846841275692,0.010605420917272568
111,3.7018500000000003,0.016807976698502897,-0.00792476017214358,-0.001412563437595965,-0.00792476017214358,0.03974772244691849,-0.0027588338125497103,-0.0027588338125497103,0.03974772244691849,-0.001196583965793252,0.01054365374147892,0.011169391684234142
112,3.7352000000000007,0.01677001226507127,-0.007823730299249293,-0.0018367957714945093,-0.007823730299249293,0.03932885453104973,-0.0028445313218981028,-0.0028445313218981028,0.03932885453104973,-0.001586070517078042,0.011401986703276634,0.011755869723856449
113,3.7685500000000007,0.016871336435899137,-0.0076713323984295145,-0.002193730736151339,-0.0076713323984295145,0.03894364461302757,-0.002881309250369668,-0.002881309250369668,0.03894364461302757,-0.0018746026325970888,0.012341122142970562,0.012343503534793854
114,3.8019000000000007,0.016977298593148588,-0.007732753122225405,-0.002474088633432986,-0.007732753122225405,0.038568444550037384,-0.0028684933204203844,-0.0028684933204203844,0.038568444550037384,-0.0019840516615659,0.013336032629013062,0.012946699745953083
115,3.8352500000000007,0.016990787869319318,-0.007810842657461764,-0.0026772547904402033,-0.007810842657461764,0.038164954632520676,-0.0028853847179561853,-0.0028853847179561853,0.038164954632520676,-0.002087340923026204,0.014336024411022663,0.013550464995205402
116,3.8686000000000007,0.0169578898306936,-0.007942073458805682,-0.0028036501649767176,-0.007942073458805682,0.03776785731315613,-0.002954537281766534,-0.002954537281766534,0.03776785731315613,-0.0022296386305242777,0.015330130234360695,0.014133080840110779
117,3.9019500000000007,0.016830600386485456,-0.008087153026834132,-0.002862833851948382,-0.008087153026834132,0.03743084520101547,-0.003026945749297738,-0.003026945749297738,0.03743084520101547,-0.002364200772717595,0.01638629101216793,0.014738828875124454
118,3.9353000000000007,0.016553859746083616,-0.008071508670225741,-0.0028599355760961787,-0.008071508670225741,0.03711467608809471,-0.003088858211413026,-0.003088858211413026,0.03711467608809471,-0.0024962250608950853,0.017533430829644203,0.01547281164675951
119,3.9686500000000007,0.01629120070300996,-0.008069325650110842,-0.002797969097271563,-0.008069325650110842,0.03647661954164505,-0.003125890390947461,-0.003125890390947461,0.03647661954164505,-0.002597677754238248,0.018756849691271782,0.016423095017671585
120,4.002000000000001,0.01604953739605844,-0.00795927312411368,-0.002681568676605822,-0.00795927312411368,0.03584473207592964,-0.0031762265134602785,-0.0031762265134602785,0.03584473207592964,-0.0027200712356716394,0.020010652020573616,0.017507625743746758
121,4.03535,0.015830330139026044,-0.00793321471847594,-0.002508502865210177,-0.00793321471847594,0.03522486984729767,-0.003210216062143445,-0.003210216062143445,0.03522486984729767,-0.0028894769493490458,0.02127283439040184,0.01866193301975727
122,4.068700000000001,0.015643305664882062,-0.007962031701579692,-0.0023979436997324244,-0.007962031701579692,0.03461864963173866,-0.0032235451508313417,-0.0032235451508313417,0.03461864963173866,-0.003111993195489049,0.022524716332554817,0.01986449584364891
123,4.10205,0.01552152965031564,-0.007899454275146128,-0.002246465945616366,-0.007900219822302462,0.03407571092247963,-0.0032348681706935167,-0.0032348681706935167,0.03407571092247963,-0.0032348681706935167,0.023785961791872978,0.021100804209709167
124,4.135400000000001,0.01539224345050752,-0.007979743594303729,-0.002070658320561053,-0.007987246328964831,0.033520713448524475,-0.003307909006252885,-0.003307909006252885,0.033520713448524475,-0.003307909006252885,0.02504098042845726,0.02234118990600109
125,4.16875,0.015286784207448362,-0.00767967518605292,-0.0018292893115431086,-0.0077328592929989115,0.03298884257674217,-0.003203748958185315,-0.003203748958185315,0.03298884257674217,-0.003203748958185315,0.02628849633038044,0.023612653836607933
126,4.202100000000001,0.015138551181182264,-0.007638344952836634,-0.0015931059066206232,-0.007638344952836634,0.03240230679512024,-0.0030899459961801767,-0.0030899459961801767,0.03240230679512024,-0.0030899459961801767,0.02723623625934124,0.02463962882757187
127,4.23545,0.015005584394559263,-0.008843612337484957,-0.0014633093420416132,-0.008843612337484957,0.03177237510681152,-0.0032421883661299944,-0.0032421883661299944,0.03177237510681152,-0.0032421883661299944,0.028161244466900826,0.025546744465827942
128,4.268800000000001,0.014878969227895139,-0.00949910324253142,-0.0012347627822309748,-0.00949910324253142,0.031101390719413757,-0.003307273844256997,-0.003307273844256997,0.031101390719413757,-0.003307273844256997,0.029230644926428795,0.026645317673683167
129,4.302150000000001,0.014772973543033002,-0.009718651363626124,-0.0009577390197664515,-0.009718651363626124,0.030475612729787827,-0.003355026477947831,-0.003355026477947831,0.030475612729787827,-0.003355026477947831,0.030480820685625076,0.027915753424167633
130,4.335500000000001,0.014700211172923444,-0.00977080729044974,-0.000638671630993487,-0.00977080729044974,0.029916774481534958,-0.003304135287180543,-0.003304135287180543,0.029916774481534958,-0.003304135287180543,0.03182929381728172,0.029320089146494865
131,4.368850000000001,0.01464504707418382,-0.00981924910284579,-0.0003017079476267115,-0.00981924910284579,0.02939162775874138,-0.0032868499401956797,-0.0032868499401956797,0.02939162775874138,-0.0032868499401956797,0.0332227498292923,0.030788742005825043
132,4.402200000000001,0.014601770376786588,-0.00988508057035506,4.804465733468377e-05,-0.00988508057035506,0.028890814632177353,-0.0032488175202161074,-0.0032488175202161074,0.028890814632177353,-0.0032488175202161074,0.03464469313621521,0.03227937966585159
133,4.435550000000001,0.01455303612910211,-0.0100072924438864,0.00041110027395188653,-0.0100072924438864,0.028381451964378357,-0.0031252356711775064,-0.0031252356711775064,0.028381451964378357,-0.0031252356711775064,0.03607894852757454,0.033771052956581116
134,4.4689000000000005,0.014488864278420804,-0.010098044240847232,0.00041652802191674554,-0.010098044240847232,0.027848925441503525,-0.002982968697324395,-0.002982968697324395,0.027848925441503525,-0.002982968697324395,0.03749672695994377,0.03524191305041313
135,4.502250000000001,0.014407570993527768,-0.010204066002741458,-0.00019873347319662726,-0.01020512771047652,0.027284858748316765,-0.0028616387862712145,-0.0028616387862712145,0.027284858748316765,-0.0028616387862712145,0.03883083909749985,0.036616358906030655
136,4.5356000000000005,0.014322489088401197,-0.010372795576229693,-0.0008519333247095362,-0.010372795576229693,0.026676328852772713,-0.002803949872031808,-0.002803949872031808,0.026676328852772713,-0.002803949872031808,0.04000820592045784,0.03782566264271736
137,4.568950000000001,0.013963471686467527,-0.010529136696830393,-0.001462016666308047,-0.010529136696830393,0.026001419872045517,-0.0027692748699337244,-0.0027692748699337244,0.026001419872045517,-0.0027692748699337244,0.0410340279340744,0.038854051381349564
138,4.6023000000000005,0.013582340961322187,-0.010544673020020129,-0.0019294549170881525,-0.010544673020020129,0.025318855419754982,-0.0026741877663880587,-0.0026741877663880587,0.025318855419754982,-0.0026741877663880587,0.04194418713450432,0.03973762318491936
139,4.635650000000001,0.013610716497525571,-0.010885671192780139,-0.002030939275398852,-0.010885671192780139,0.0255581047385931,-0.0020419342909008265,-0.0020419342909008265,0.0255581047385931,-0.0020419342909008265,0.042584128677845,0.04044770076870918
140,4.6690000000000005,0.013622719382867216,-0.011389526018872859,-0.002116531545296313,-0.011389526018872859,0.025754474103450775,-0.0016480463091284037,-0.0016480463091284037,0.025754474103450775,-0.0016480463091284037,0.04289849102497101,0.04080135002732277
141,4.702350000000001,0.013611163532361387,-0.012020724305883052,-0.002436336541548373,-0.012020724305883052,0.025816960260272026,-0.001438112580217421,-0.001438112580217421,0.025816960260272026,-0.001438112580217421,0.0430600643157959,0.04098040610551834
142,4.7357000000000005,0.013616371488198636,-0.012671338805928828,-0.002670694554224612,-0.012671338805928828,0.02587975561618805,-0.00131358637008816,-0.00131358637008816,0.02587975561618805,-0.00131358637008816,0.04319305345416069,0.04114820063114166
143,4.769050000000001,0.01360636163316667,-0.013347849661484362,-0.0028351810220628992,-0.013347864562645556,0.02592362090945244,-0.0008234665729105473,-0.0008234665729105473,0.02592362090945244,-0.0008234665729105473,0.04330252856016159,0.041298240423202515
144,4.8024000000000004,0.013607892727479337,-0.01344442036189139,-0.0027320910636335627,-0.01344442036189139,0.025996698066592216,-0.0007317261770367622,-0.0007317261770367622,0.025996698066592216,-0.0007317261770367622,0.043389733880758286,0.04143860936164856
145,4.835750000000001,0.013597104286774991,-0.013327360564842822,-0.002665307784453036,-0.013327360564842822,0.026057211682200432,-0.0008212389657273889,-0.0008212389657273889,0.026057211682200432,-0.0008212389657273889,0.04347284138202667,0.041563790291547775
146,4.8691,0.013592939412221311,-0.013324231320992114,-0.002611194217577578,-0.013324231320992114,0.02610333450138569,-0.0008535318775102496,-0.0008535318775102496,0.02610333450138569,-0.0008535318775102496,0.04355922341346741,0.04168146848678589
147,4.902450000000001,0.01358235586248338,-0.013325468117371203,-0.0026026707533746973,-0.013325468117371203,0.026139572262763977,-0.00085444375872612,-0.00085444375872612,0.026139572262763977,-0.00085444375872612,0.04363677650690079,0.04179379343986511
148,4.9358,0.01356104347668588,-0.013331268394365908,-0.0025670979563146845,-0.013331268394365908,0.02616601437330246,-0.0008603327441960573,-0.0008603327441960573,0.02616601437330246,-0.0008603327441960573,0.043714236468076706,0.04190124571323395
149,4.969150000000001,0.013541735297068952,-0.013323497438803317,-0.0025278520230203883,-0.013323497438803317,0.026199378073215485,-0.0008600710425525904,-0.0008600710425525904,0.026199378073215485,-0.0008600710425525904,0.043793026357889175,0.0420042909681797
150,5.0025,0.013640757238492368,-0.013135632911697032,-0.0022964742425829188,-0.013135632911697032,0.02629067748785019,-0.0008044245187193155,-0.0008044245187193155,0.02629067748785019,-0.0008044245187193155,0.043871697038412094,0.04210483655333519
151,5.035850000000001,0.015239398514851926,-0.012112273314967753,-0.0008195158485323206,-0.012112273314967753,0.027006685733795166,-1.1126277968287468e-05,-1.1126277968287468e-05,0.027006685733795166,1.1239899322390556e-05,0.043938662856817245,0.042211879044771194
152,5.0692,0.01679767627082765,-0.009031670579686762,0.002019334172829984,-0.009031670579686762,0.027478564530611038,1.4246907085180283e-06,1.4246907085180283e-06,0.027478564530611038,1.4246907085180283e-06,0.043671030551195145,0.042227040976285934
153,5.102550000000001,0.018394887035712598,-0.005292021149769427,0.004511594360694288,-0.005292021149769427,0.027938276529312134,-4.2608240619301796e-05,-4.2608240619301796e-05,0.027938276529312134,-4.2608240619301796e-05,0.04342787712812424,0.0421593077480793
154,5.1359,0.0200319360550493,-0.001341455096378924,0.008627980535849927,-0.001341455096378924,0.028385885059833527,0.003994368948042393,0.003994368948042393,0.028385885059833527,0.004037356004118919,0.0434151254594326,0.04218512400984764
155,5.169250000000001,0.021708808427676557,0.006817563956603406,0.012529566472396253,0.006817563956603406,0.028813131153583527,0.008523277007043362,0.008523277007043362,0.028813131153583527,0.008523277007043362,0.04295855760574341,0.04214895889163017
156,5.2026,0.023449040537700055,0.013991407638415693,0.016716163193807004,0.013879898523911832,0.02930605784058571,0.010995962657034397,0.010995962657034397,0.02930605784058571,0.010995962657034397,0.042446598410606384,0.04197375103831291
157,5.235950000000001,0.02523273560963571,0.02042788225971162,0.020325053071603177,0.018201548194512723,0.02997669205069542,0.011216188780963421,0.011216188780963421,0.02997669205069542,0.011216188780963421,0.04211787134408951,0.041814785450696945
158,5.2693,0.027057863360270856,0.02368706423602998,0.023103490060195325,0.021792281007394193,0.030520908534526825,0.011348669417202473,0.011348669417202473,0.030520908534526825,0.011348669417202473,0.04210406541824341,0.04178255796432495
159,5.302650000000001,0.028907782917842267,0.02620684686861932,0.025901469921693204,0.024733248686417936,0.031104374676942825,0.011285894550383091,0.011285894550383091,0.031104374676942825,0.011285894550383091,0.04223361983895302,0.04179355129599571
160,5.336,0.030790701096877454,0.027812040930613874,0.028629503732547162,0.02654072973690927,0.03183180093765259,0.01168860960751772,0.01168860960751772,0.03183180093765259,0.01168860960751772,0.04239204525947571,0.04182425141334534
161,5.369350000000001,0.03270077664218843,0.030504338031634687,0.031207866555079816,0.02888014126382768,0.03269267454743385,0.012462635524570942,0.012462635524570942,0.03269267454743385,0.012462635524570942,0.0425427220761776,0.041881125420331955
162,5.402700000000001,0.034624941235408185,0.03392961580120027,0.033983297234401105,0.03197341371141374,0.03366737440228462,0.013657873496413231,0.013657873496413231,0.03366737440228462,0.013657873496413231,0.04259348660707474,0.04193253815174103
163,5.436050000000001,0.03657699335180223,0.03750076848827302,0.036913878804072736,0.03479739982448518,0.03471425920724869,0.01576382853090763,0.01576382853090763,0.03471425920724869,0.01576382853090763,0.04252878949046135,0.04193706437945366
164,5.469400000000001,0.038555606788024305,0.039755768662318586,0.03972315747104585,0.03717586356960237,0.03576354309916496,0.01862347312271595,0.01862347312271595,0.03576354309916496,0.01862347312271595,0.04240168631076813,0.04190388321876526
165,5.502750000000001,0.04050659347139299,0.042230434304103254,0.04254065412841737,0.039537980740889905,0.03686630725860596,0.02203379198908806,0.02203379198908806,0.03686630725860596,0.02203379198908806,0.04231338948011398,0.041874438524246216
166,5.536100000000001,0.042489274924620984,0.044911786502227186,0.04537650901637971,0.04188128519617021,0.03713448345661163,0.02581341750919819,0.02581341750919819,0.03713448345661163,0.02581341750919819,0.04229488968849182,0.04185767099261284
167,5.569450000000001,0.04449450183473527,0.047782234435901044,0.048229269271716474,0.04419340152107179,0.03755912929773331,0.02984638884663582,0.02984638884663582,0.03755912929773331,0.02984638884663582,0.042329732328653336,0.04185861721634865
168,5.602800000000001,0.0465408037956804,0.05082140076719224,0.05109929252229631,0.046421780770644544,0.03813997283577919,0.03405451774597168,0.03405451774597168,0.03813997283577919,0.03405451774597168,0.04238390922546387,0.041871458292007446
169,5.636150000000001,0.04861941892467439,0.05402005422674119,0.05398305464349687,0.04859100986085832,0.0388769693672657,0.0383961983025074,0.0383961983025074,0.0388769693672657,0.0383961983025074,0.042443808168172836,0.0418938547372818
170,5.669500000000001,0.05072957236133516,0.05735547054372728,0.056879303937777875,0.05072957236133516,0.039772436022758484,0.0428166538476944,0.039772436022758484,0.039772436022758484,0.0428166538476944,0.04248768463730812,0.04191680625081062
171,5.702850000000001,0.052872903233394025,0.060815877800807355,0.05978804785571992,0.052872903233394025,0.040808554738759995,0.04730664938688278,0.040808554738759995,0.040808554738759995,0.04730664938688278,0.042498745024204254,0.041933316737413406
172,5.736200000000001,0.055055513566359876,0.06438950408063829,0.06271070200763643,0.055055513566359876,0.04196719080209732,0.05185632035136223,0.04196719080209732,0.04196719080209732,0.05185632035136223,0.042488109320402145,0.04194028303027153
173,5.769550000000001,0.057273804729804395,0.06806398141942918,0.06564423400722444,0.057273804729804395,0.043152377009391785,0.056454699486494064,0.043152377009391785,0.043152377009391785,0.056454699486494064,0.042476724833250046,0.04194479063153267
174,5.802900000000001,0.05952914017997682,0.07182472158037126,0.0685892697032541,0.05952914017997682,0.04435524344444275,0.06108345091342926,0.04435524344444275,0.04435524344444275,0.06108345091342926,0.04247719421982765,0.04194920137524605
175,5.836250000000001,0.061824798172339795,0.0756599153932184,0.07154530245624482,0.061824798172339795,0.0453767366707325,0.0657324269413948,0.0453767366707325,0.0453767366707325,0.0657324269413948,0.04249190911650658,0.041955288499593735
176,5.869600000000001,0.06416586000286043,0.07956120330654085,0.07451076764427125,0.06416586000286043,0.046435512602329254,0.07039899379014969,0.046435512602329254,0.046435512602329254,0.07039899379014969,0.04251750186085701,0.04196786880493164
177,5.902950000000001,0.0665467898901552,0.08351633656583726,0.07745435047708452,0.0665467898901552,0.04761132225394249,0.07507102191448212,0.04761132225394249,0.04761132225394249,0.07507102191448212,0.04254436492919922,0.04198172688484192
178,5.936300000000001,0.0689734141882509,0.08751860964857042,0.08041128475032747,0.0689734141882509,0.048971887677907944,0.07974770665168762,0.048971887677907944,0.048971887677907944,0.07974770665168762,0.04256472364068031,0.04199504479765892
179,5.969650000000001,0.07144676852785051,0.09155937243066728,0.0833806242402643,0.07144676852785051,0.05051887407898903,0.08442360162734985,0.05051887407898903,0.05051887407898903,0.08442360162734985,0.04257937893271446,0.04200832173228264
180,6.003000000000001,0.07397094327770173,0.09562868583761155,0.08636349398456514,0.07397094327770173,0.052252087742090225,0.0890892744064331,0.052252087742090225,0.052252087742090225,0.0890892744064331,0.04258693754673004,0.042019814252853394
181,6.0363500000000005,0.07654616195522249,0.09972020197473466,0.0893593873437494,0.07654616195522249,0.0541677288711071,0.09374366700649261,0.0541677288711071,0.0541677288711071,0.09374366700649261,0.04259059205651283,0.04202789440751076
182,6.069700000000001,0.07917418289743364,0.10382886934839189,0.09237041283212602,0.07917418289743364,0.05626169219613075,0.0983850508928299,0.05626169219613075,0.05626169219613075,0.0983850508928299,0.042595274746418,0.04203479364514351
183,6.1030500000000005,0.08185931253992021,0.10794637311063707,0.09539624262414872,0.08185931253992021,0.05853010714054108,0.10300562530755997,0.05853010714054108,0.05853010714054108,0.10300562530755997,0.04260364547371864,0.042040642350912094
184,6.136400000000001,0.08458035398088395,0.1120610754545778,0.0984352152403444,0.08458035398088395,0.06096874177455902,0.10759387910366058,0.06096874177455902,0.06096874177455902,0.10759387910366058,0.04261322319507599,0.04204476997256279
185,6.1697500000000005,0.08732520002685487,0.11617469001375139,0.10149043012224138,0.08732520002685487,0.06346291303634644,0.11215638369321823,0.06346291303634644,0.06346291303634644,0.11215638369321823,0.042624134570360184,0.0420505590736866
186,6.203100000000001,0.08986929762922227,0.11990394402109086,0.1042793463524431,0.08986929762922227,0.06586354970932007,0.11627227813005447,0.06586354970932007,0.06586354970932007,0.11627227813005447,0.04263446852564812,0.04205714166164398
